area,year,total_population
afghanistan,1962,9344.0
afghanistan,1967,10369
afghanistan,1972,11717
afghanistan,1977,13056
afghanistan,1982,12667
afghanistan,1987,11338
afghanistan,1992,13746
afghanistan,1997,18034
afghanistan,2002,21487
afghanistan,2007,25878
afghanistan,2012,29727
afghanistan,2015,32527
albania,1962,1738.0
albania,1967,1999.0
albania,1972,2254.0
albania,1977,2518.0
albania,1982,2788.0
albania,1987,3121.0
albania,1992,3241.0
albania,1997,3092.0
albania,2002,3123.0
albania,2007,3011.0
albania,2012,2881.0
albania,2015,2897.0
algeria,1962,11690
algeria,1967,13354
algeria,1972,15377
algeria,1977,17690
algeria,1982,20576
algeria,1987,23918
algeria,1992,27181
algeria,1997,29888
algeria,2002,31990
algeria,2007,34262
algeria,2012,37439
algeria,2015,39667
andorra,1962,15.380
andorra,1967,20.750
andorra,1972,26.890
andorra,1977,32.770
andorra,1982,39.110
andorra,1987,48.460
andorra,1992,58.900
andorra,1997,64.150
andorra,2002,71.050
andorra,2007,84.880
andorra,2012,79.320
andorra,2015,70.470
angola,1962,5466.0
angola,1967,5963.0
angola,1972,6588.0
angola,1977,7501.0
angola,1982,8808.0
angola,1987,10286
angola,1992,11849
angola,1997,13802
angola,2002,16110
angola,2007,19184
angola,2012,22686
angola,2015,25022
antigua_and_barbuda,1962,56.310
antigua_and_barbuda,1967,62.000
antigua_and_barbuda,1972,67.200
antigua_and_barbuda,1977,70.220
antigua_and_barbuda,1982,68.950
antigua_and_barbuda,1987,63.480
antigua_and_barbuda,1992,63.430
antigua_and_barbuda,1997,72.230
antigua_and_barbuda,2002,80.030
antigua_and_barbuda,2007,84.400
antigua_and_barbuda,2012,89.070
antigua_and_barbuda,2015,91.820
argentina,1962,21288
argentina,1967,22932
argentina,1972,24783
argentina,1977,26879
argentina,1982,28994
argentina,1987,31326
argentina,1992,33655
argentina,1997,35834
argentina,2002,37889
argentina,2007,39970
argentina,2012,42095
argentina,2015,43417
armenia,1992,3450.0
armenia,1997,3138.0
armenia,2002,3047.0
armenia,2007,2988.0
armenia,2012,2978.0
armenia,2015,3018.0
australia,1962,10691
australia,1967,11976
australia,1972,13364
australia,1977,14212
australia,1982,15101
australia,1987,16315
australia,1992,17538
australia,1997,18513
australia,2002,19514
australia,2007,20976
australia,2012,22911
australia,2015,23969
austria,1962,7151.0
austria,1967,7391.0
austria,1972,7574.0
austria,1977,7626.0
austria,1982,7589.0
austria,1987,7624.0
austria,1992,7813.0
austria,1997,8015.0
austria,2002,8115.0
austria,2007,8301.0
austria,2012,8455.0
austria,2015,8545.0
azerbaijan,1992,7451.0
azerbaijan,1997,7922.0
azerbaijan,2002,8281.0
azerbaijan,2007,8763.0
azerbaijan,2012,9361.0
azerbaijan,2015,9754.0
bahamas,1962,121.10
bahamas,1967,152.60
bahamas,1972,177.80
bahamas,1977,197.10
bahamas,1982,220.30
bahamas,1987,243.40
bahamas,1992,266.10
bahamas,1997,287.00
bahamas,2002,309.20
bahamas,2007,342.30
bahamas,2012,372.40
bahamas,2015,388.00
bahrain,1962,173.10
bahrain,1967,196.20
bahrain,1972,229.60
bahrain,1977,303.20
bahrain,1982,386.00
bahrain,1987,449.00
bahrain,1992,522.80
bahrain,1997,597.80
bahrain,2002,725.40
bahrain,2007,1027.0
bahrain,2012,1334.0
bahrain,2015,1377.0
bangladesh,1962,51031
bangladesh,1967,59625
bangladesh,1972,67578
bangladesh,1977,74848
bangladesh,1982,85868
bangladesh,1987,98149
bangladesh,1992,110990
bangladesh,1997,123570
bangladesh,2002,136230
bangladesh,2007,146590
bangladesh,2012,155260
bangladesh,2015,161000
barbados,1962,232.60
barbados,1967,236.60
barbados,1972,241.40
barbados,1977,248.80
barbados,1982,253.80
barbados,1987,257.60
barbados,1992,262.20
barbados,1997,266.90
barbados,2002,271.50
barbados,2007,276.20
barbados,2012,281.60
barbados,2015,284.20
belarus,1992,10235
belarus,1997,10091
belarus,2002,9826.0
belarus,2007,9556.0
belarus,2012,9491.0
belarus,2015,9496.0
belgium,1962,9193.0
belgium,1967,9476.0
belgium,1972,9651.0
belgium,1977,9752.0
belgium,1982,9821.0
belgium,1987,9868.0
belgium,1992,10016
belgium,1997,10193
belgium,2002,10365
belgium,2007,10705
belgium,2012,11080
belgium,2015,11299
belize,1962,97.390
belize,1967,112.70
belize,1972,127.20
belize,1977,137.00
belize,1982,151.50
belize,1987,174.30
belize,1992,194.30
belize,1997,221.60
belize,2002,262.20
belize,2007,298.40
belize,2012,336.70
belize,2015,359.30
benin,1962,2503.0
benin,1967,2733.0
benin,1972,3039.0
benin,1977,3432.0
benin,1982,3931.0
benin,1987,4546.0
benin,1992,5378.0
benin,1997,6361.0
benin,2002,7415.0
benin,2007,8708.0
benin,2012,10050
benin,2015,10880
bhutan,1962,234.70
bhutan,1967,266.30
bhutan,1972,312.70
bhutan,1977,374.80
bhutan,1982,434.40
bhutan,1987,501.00
bhutan,1992,528.10
bhutan,1997,520.90
bhutan,2002,598.40
bhutan,2007,681.50
bhutan,2012,743.70
bhutan,2015,774.80
bolivia_plurinational_state_of,1962,3838.0
bolivia_plurinational_state_of,1967,4237.0
bolivia_plurinational_state_of,1972,4698.0
bolivia_plurinational_state_of,1977,5234.0
bolivia_plurinational_state_of,1982,5835.0
bolivia_plurinational_state_of,1987,6465.0
bolivia_plurinational_state_of,1992,7132.0
bolivia_plurinational_state_of,1997,7871.0
bolivia_plurinational_state_of,2002,8653.0
bolivia_plurinational_state_of,2007,9441.0
bolivia_plurinational_state_of,2012,10239
bolivia_plurinational_state_of,2015,10725
bosnia_and_herzegovina,1992,4301.0
bosnia_and_herzegovina,1997,3779.0
bosnia_and_herzegovina,2002,3808.0
bosnia_and_herzegovina,2007,3840.0
bosnia_and_herzegovina,2012,3828.0
bosnia_and_herzegovina,2015,3810.0
botswana,1962,550.00
botswana,1967,631.30
botswana,1972,739.80
botswana,1977,887.80
botswana,1982,1070.0
botswana,1987,1261.0
botswana,1992,1460.0
botswana,1997,1646.0
botswana,2002,1787.0
botswana,2007,1930.0
botswana,2012,2133.0
botswana,2015,2262.0
brazil,1962,77008
brazil,1967,88854
brazil,1972,100840
brazil,1977,113780
brazil,1982,128060
brazil,1987,142440
brazil,1992,155380
brazil,1997,167890
brazil,2002,181050
brazil,2007,192790
brazil,2012,202400
brazil,2015,207850
brunei_darussalam,1962,89.600
brunei_darussalam,1967,112.70
brunei_darussalam,1972,141.80
brunei_darussalam,1977,173.80
brunei_darussalam,1982,205.10
brunei_darussalam,1987,236.00
brunei_darussalam,1992,272.00
brunei_darussalam,1997,309.80
brunei_darussalam,2002,343.40
brunei_darussalam,2007,374.50
brunei_darussalam,2012,405.50
brunei_darussalam,2015,423.20
bulgaria,1962,8004.0
bulgaria,1967,8329.0
bulgaria,1972,8597.0
bulgaria,1977,8790.0
bulgaria,1982,8917.0
bulgaria,1987,8944.0
bulgaria,1992,8654.0
bulgaria,1997,8200.0
bulgaria,2002,7869.0
bulgaria,2007,7568.0
bulgaria,2012,7304.0
bulgaria,2015,7150.0
burkina_faso,1962,4960.0
burkina_faso,1967,5343.0
burkina_faso,1972,5825.0
burkina_faso,1977,6399.0
burkina_faso,1982,7158.0
burkina_faso,1987,8140.0
burkina_faso,1992,9297.0
burkina_faso,1997,10666
burkina_faso,2002,12291
burkina_faso,2007,14264
burkina_faso,2012,16591
burkina_faso,2015,18106
burundi,1962,2895.0
burundi,1967,3235.0
burundi,1972,3547.0
burundi,1977,3825.0
burundi,1982,4359.0
burundi,1987,5109.0
burundi,1992,5895.0
burundi,1997,6420.0
burundi,2002,7160.0
burundi,2007,8515.0
burundi,2012,10125
burundi,2015,11179
cabo_verde,1962,210.90
cabo_verde,1967,248.70
cabo_verde,1972,273.80
cabo_verde,1977,275.50
cabo_verde,1982,296.10
cabo_verde,1987,324.00
cabo_verde,1992,358.50
cabo_verde,1997,409.80
cabo_verde,2002,455.40
cabo_verde,2007,481.30
cabo_verde,2012,500.90
cabo_verde,2015,520.50
cambodia,1962,6027.0
cambodia,1967,6695.0
cambodia,1972,7331.0
cambodia,1977,7222.0
cambodia,1982,6945.0
cambodia,1987,8228.0
cambodia,1992,9659.0
cambodia,1997,11339
cambodia,2002,12682
cambodia,2007,13729
cambodia,2012,14832
cambodia,2015,15578
cameroon,1962,5594.0
cameroon,1967,6281.0
cameroon,1972,7134.0
cameroon,1977,8188.0
cameroon,1982,9481.0
cameroon,1987,11032
cameroon,1992,12797
cameroon,1997,14710
cameroon,2002,16779
cameroon,2007,19078
cameroon,2012,21659
cameroon,2015,23344
canada,1962,18660
canada,1967,20389
canada,1972,22142
canada,1977,23724
canada,1982,25018
canada,1987,26542
canada,1992,28354
canada,1997,29871
canada,2002,31289
canada,2007,32982
canada,2012,34868
canada,2015,35940
central_african_republic,1962,1557.0
central_african_republic,1967,1719.0
central_african_republic,1972,1901.0
central_african_republic,1977,2108.0
central_african_republic,1982,2412.0
central_african_republic,1987,2751.0
central_african_republic,1992,3089.0
central_african_republic,1997,3498.0
central_african_republic,2002,3860.0
central_african_republic,2007,4202.0
central_african_republic,2012,4620.0
central_african_republic,2015,4900.0
chad,1962,3122.0
chad,1967,3436.0
chad,1972,3816.0
chad,1977,4255.0
chad,1982,4716.0
chad,1987,5409.0
chad,1992,6350.0
chad,1997,7494.0
chad,2002,9002.0
chad,2007,10780
chad,2012,12715
chad,2015,14037
chile,1962,8054.0
chile,1967,8995.0
chile,1972,9917.0
chile,1977,10746
chile,1982,11569
chile,1987,12507
chile,1992,13567
chile,1997,14594
chile,2002,15545
chile,2007,16463
chile,2012,17388
chile,2015,17948
china,1962,680240
china,1967,761820
china,1972,869310
china,1977,958190
china,1982,1029200
china,1987,1118200
china,1992,1215400
china,1997,1275600
china,2002,1313900
china,2007,1349900
china,2012,1386400
china,2015,1407300
colombia,1962,17500
colombia,1967,20311
colombia,1972,23147
colombia,1977,25905
colombia,1982,29027
colombia,1987,32324
colombia,1992,35559
colombia,1997,38645
colombia,2002,41572
colombia,2007,44375
colombia,2012,46881
colombia,2015,48229
comoros,1962,195.00
comoros,1967,214.00
comoros,1972,237.80
comoros,1977,275.50
comoros,1982,328.40
comoros,1987,379.60
comoros,1992,440.20
comoros,1997,506.50
comoros,2002,575.40
comoros,2007,649.40
comoros,2012,733.70
comoros,2015,788.50
congo,1962,1068.0
congo,1967,1224.0
congo,1972,1419.0
congo,1977,1651.0
congo,1982,1911.0
congo,1987,2202.0
congo,1992,2515.0
congo,1997,2874.0
congo,2002,3257.0
congo,2007,3716.0
congo,2012,4286.0
congo,2015,4620.0
cook_islands,1962,18.520
cook_islands,1967,19.980
cook_islands,1972,21.420
cook_islands,1977,19.180
cook_islands,1982,17.430
cook_islands,1987,17.680
cook_islands,1992,17.910
cook_islands,1997,18.090
cook_islands,2002,18.310
cook_islands,2007,19.860
cook_islands,2012,20.520
cook_islands,2015,20.830
costa_rica,1962,1433.0
costa_rica,1967,1695.0
costa_rica,1972,1947.0
costa_rica,1977,2208.0
costa_rica,1982,2521.0
costa_rica,1987,2872.0
costa_rica,1992,3257.0
costa_rica,1997,3683.0
costa_rica,2002,4063.0
costa_rica,2007,4369.0
costa_rica,2012,4654.0
costa_rica,2015,4808.0
cote_d_ivoire,1962,3740.0
cote_d_ivoire,1967,4591.0
cote_d_ivoire,1972,5748.0
cote_d_ivoire,1977,7237.0
cote_d_ivoire,1982,9002.0
cote_d_ivoire,1987,10940
cote_d_ivoire,1992,13047
cote_d_ivoire,1997,15296
cote_d_ivoire,2002,17185
cote_d_ivoire,2007,18862
cote_d_ivoire,2012,21103
cote_d_ivoire,2015,22702
croatia,1992,4733.0
croatia,1997,4532.0
croatia,2002,4397.0
croatia,2007,4357.0
croatia,2012,4287.0
croatia,2015,4240.0
cuba,1962,7450.0
cuba,1967,8264.0
cuba,1972,9025.0
cuba,1977,9635.0
cuba,1982,9926.0
cuba,1987,10269
cuba,1992,10736
cuba,1997,11000
cuba,2002,11185
cuba,2007,11284
cuba,2012,11343
cuba,2015,11390
cyprus,1962,577.70
cyprus,1967,591.30
cyprus,1972,628.00
cyprus,1977,665.50
cyprus,1982,691.70
cyprus,1987,723.40
cyprus,1992,800.70
cyprus,1997,890.70
cyprus,2002,979.90
cyprus,2007,1063.0
cyprus,2012,1129.0
cyprus,2015,1165.0
czechia,1997,10314
czechia,2002,10225
czechia,2007,10330
czechia,2012,10545
czechia,2015,10543
democratic_people_s_republic_of_korea,1962,11872
democratic_people_s_republic_of_korea,1967,13222
democratic_people_s_republic_of_korea,1972,15215
democratic_people_s_republic_of_korea,1977,16759
democratic_people_s_republic_of_korea,1982,17899
democratic_people_s_republic_of_korea,1987,19335
democratic_people_s_republic_of_korea,1992,20838
democratic_people_s_republic_of_korea,1997,22241
democratic_people_s_republic_of_korea,2002,23248
democratic_people_s_republic_of_korea,2007,24112
democratic_people_s_republic_of_korea,2012,24763
democratic_people_s_republic_of_korea,2015,25155
democratic_republic_of_the_congo,1962,16041
democratic_republic_of_the_congo,1967,18378
democratic_republic_of_the_congo,1972,21121
democratic_republic_of_the_congo,1977,24243
democratic_republic_of_the_congo,1982,27741
democratic_republic_of_the_congo,1987,31722
democratic_republic_of_the_congo,1992,37784
democratic_republic_of_the_congo,1997,44558
democratic_republic_of_the_congo,2002,50971
democratic_republic_of_the_congo,2007,59835
democratic_republic_of_the_congo,2012,70291
democratic_republic_of_the_congo,2015,77267
denmark,1962,4649.0
denmark,1967,4831.0
denmark,1972,4989.0
denmark,1977,5096.0
denmark,1982,5123.0
denmark,1987,5116.0
denmark,1992,5171.0
denmark,1997,5277.0
denmark,2002,5369.0
denmark,2007,5467.0
denmark,2012,5601.0
denmark,2015,5669.0
djibouti,1962,94.200
djibouti,1967,131.40
djibouti,1972,179.20
djibouti,1977,277.60
djibouti,1982,384.70
djibouti,1987,485.60
djibouti,1992,627.10
djibouti,1997,685.60
djibouti,2002,745.50
djibouti,2007,799.30
djibouti,2012,853.10
djibouti,2015,887.90
dominica,1962,61.980
dominica,1967,67.680
dominica,1972,71.740
dominica,1977,73.410
dominica,1982,75.170
dominica,1987,72.370
dominica,1992,70.980
dominica,1997,70.760
dominica,2002,69.810
dominica,2007,70.800
dominica,2012,71.690
dominica,2015,72.680
dominican_republic,1962,3521.0
dominican_republic,1967,4125.0
dominican_republic,1972,4760.0
dominican_republic,1977,5412.0
dominican_republic,1982,6079.0
dominican_republic,1987,6765.0
dominican_republic,1992,7469.0
dominican_republic,1997,8163.0
dominican_republic,2002,8832.0
dominican_republic,2007,9504.0
dominican_republic,2012,10155
dominican_republic,2015,10528
ecuador,1962,4813.0
ecuador,1967,5566.0
ecuador,1972,6429.0
ecuador,1977,7374.0
ecuador,1982,8393.0
ecuador,1987,9504.0
ecuador,1992,10706
ecuador,1997,11925
ecuador,2002,13072
ecuador,2007,14205
ecuador,2012,15419
ecuador,2015,16144
egypt,1962,28561
egypt,1967,32457
egypt,1972,36302
egypt,1977,40378
egypt,1982,45610
egypt,1987,52174
egypt,1992,58922
egypt,1997,64755
egypt,2002,70909
egypt,2007,77605
egypt,2012,85661
egypt,2015,91508
el_salvador,1962,2928.0
el_salvador,1967,3384.0
el_salvador,1972,3862.0
el_salvador,1977,4329.0
el_salvador,1982,4722.0
el_salvador,1987,5052.0
el_salvador,1992,5392.0
el_salvador,1997,5692.0
el_salvador,2002,5874.0
el_salvador,2007,5986.0
el_salvador,2012,6072.0
el_salvador,2015,6127.0
equatorial_guinea,1962,257.90
equatorial_guinea,1967,282.40
equatorial_guinea,1972,274.90
equatorial_guinea,1977,220.40
equatorial_guinea,1982,251.30
equatorial_guinea,1987,343.30
equatorial_guinea,1992,404.10
equatorial_guinea,1997,479.80
equatorial_guinea,2002,567.70
equatorial_guinea,2007,665.80
equatorial_guinea,2012,773.70
equatorial_guinea,2015,845.10
eritrea,1997,3261.0
eritrea,2002,3789.0
eritrea,2007,4406.0
eritrea,2012,4892.0
eritrea,2015,5228.0
estonia,1992,1521.0
estonia,1997,1410.0
estonia,2002,1383.0
estonia,2007,1344.0
estonia,2012,1324.0
estonia,2015,1313.0
ethiopia,1997,60893
ethiopia,2002,70391
ethiopia,2007,80892
ethiopia,2012,92191
ethiopia,2015,99391
faroe_islands,1962,35.150
faroe_islands,1967,37.260
faroe_islands,1972,39.360
faroe_islands,1977,41.450
faroe_islands,1982,44.100
faroe_islands,1987,47.190
faroe_islands,1992,46.570
faroe_islands,1997,44.470
faroe_islands,2002,47.450
faroe_islands,2007,48.600
faroe_islands,2012,48.390
faroe_islands,2015,48.200
fiji,1962,421.60
fiji,1967,487.90
fiji,1972,542.80
fiji,1977,598.30
fiji,1982,668.20
fiji,1987,721.70
fiji,1992,744.50
fiji,1997,792.90
fiji,2002,815.70
fiji,2007,834.70
fiji,2012,874.20
fiji,2015,892.10
finland,1962,4495.0
finland,1967,4584.0
finland,1972,4645.0
finland,1977,4739.0
finland,1982,4826.0
finland,1987,4937.0
finland,1992,5035.0
finland,1997,5141.0
finland,2002,5201.0
finland,2007,5289.0
finland,2012,5425.0
finland,2015,5503.0
france,1962,47122
france,1967,49792
france,1972,51741
france,1977,53510
france,1982,54528
france,1987,56005
france,1992,57495
france,1997,58653
france,2002,60076
france,2007,61966
france,2012,63562
france,2015,64395
gabon,1962,509.80
gabon,1967,553.80
gabon,1972,613.10
gabon,1977,678.80
gabon,1982,766.90
gabon,1987,876.90
gabon,1992,1005.0
gabon,1997,1144.0
gabon,2002,1289.0
gabon,2007,1441.0
gabon,2012,1613.0
gabon,2015,1725.0
gambia,1962,383.50
gambia,1967,416.30
gambia,1972,474.50
gambia,1977,551.80
gambia,1982,648.20
gambia,1987,804.10
gambia,1992,979.70
gambia,1997,1127.0
gambia,2002,1308.0
gambia,2007,1536.0
gambia,2012,1807.0
gambia,2015,1991.0
georgia,1992,5346.0
georgia,1997,4921.0
georgia,2002,4630.0
georgia,2007,4386.0
georgia,2012,4139.0
georgia,2015,4000.0
germany,1962,74238
germany,1967,77107
germany,1972,78700
germany,1977,78525
germany,1982,77812
germany,1987,77864
germany,1992,80076
germany,1997,81994
germany,2002,81700
germany,2007,80855
germany,2012,80478
germany,2015,80689
ghana,1962,7085.0
ghana,1967,8057.0
ghana,1972,9084.0
ghana,1977,10190
ghana,1982,11488
ghana,1987,13480
ghana,1992,15472
ghana,1997,17569
ghana,2002,19788
ghana,2007,22528
ghana,2012,25545
ghana,2015,27410
greece,1962,8412.0
greece,1967,8631.0
greece,1972,8856.0
greece,1977,9256.0
greece,1982,9771.0
greece,1987,9980.0
greece,1992,10321
greece,1997,10798
greece,2002,11011
greece,2007,11131
greece,2012,11110
greece,2015,10955
grenada,1962,92.420
grenada,1967,94.960
grenada,1972,93.940
grenada,1977,90.190
grenada,1982,93.090
grenada,1987,99.380
grenada,1992,97.200
grenada,1997,101.10
grenada,2002,102.10
grenada,2007,103.60
grenada,2012,105.50
grenada,2015,106.80
guatemala,1962,4357.0
guatemala,1967,4993.0
guatemala,1972,5738.0
guatemala,1977,6580.0
guatemala,1982,7508.0
guatemala,1987,8524.0
guatemala,1992,9619.0
guatemala,1997,10872
guatemala,2002,12272
guatemala,2007,13798
guatemala,2012,15369
guatemala,2015,16343
guinea,1962,3691.0
guinea,1967,4022.0
guinea,1972,4293.0
guinea,1977,4394.0
guinea,1982,4685.0
guinea,1987,5375.0
guinea,1992,6751.0
guinea,1997,8331.0
guinea,2002,9114.0
guinea,2007,10153
guinea,2012,11629
guinea,2015,12609
guinea_bissau,1962,630.00
guinea_bissau,1967,673.90
guinea_bissau,1972,738.10
guinea_bissau,1977,805.50
guinea_bissau,1982,885.20
guinea_bissau,1987,987.70
guinea_bissau,1992,1105.0
guinea_bissau,1997,1234.0
guinea_bissau,2002,1372.0
guinea_bissau,2007,1527.0
guinea_bissau,2012,1715.0
guinea_bissau,2015,1844.0
guyana,1962,600.60
guyana,1967,672.00
guyana,1972,712.20
guyana,1977,762.40
guyana,1982,785.50
guyana,1987,745.20
guyana,1992,717.60
guyana,1997,733.80
guyana,2002,743.10
guyana,2007,745.60
guyana,2012,758.40
guyana,2015,767.10
haiti,1962,4023.0
haiti,1967,4446.0
haiti,1972,4877.0
haiti,1977,5341.0
haiti,1982,5955.0
haiti,1987,6671.0
haiti,1992,7387.0
haiti,1997,8112.0
haiti,2002,8835.0
haiti,2007,9557.0
haiti,2012,10289
haiti,2015,10711
holy_see,1962,0.90000
holy_see,1967,0.77000
holy_see,1972,0.66000
holy_see,1977,0.74000
holy_see,1982,0.73000
holy_see,1987,0.76000
holy_see,1992,0.78000
holy_see,1997,0.78000
holy_see,2002,0.79000
holy_see,2007,0.80000
holy_see,2012,0.80000
holy_see,2015,0.80000
honduras,1962,2139.0
honduras,1967,2486.0
honduras,1972,2845.0
honduras,1977,3307.0
honduras,1982,3868.0
honduras,1987,4498.0
honduras,1992,5180.0
honduras,1997,5856.0
honduras,2002,6499.0
honduras,2007,7134.0
honduras,2012,7736.0
honduras,2015,8075.0
hungary,1962,10065
hungary,1967,10239
hungary,1972,10417
hungary,1977,10651
hungary,1982,10720
hungary,1987,10482
hungary,1992,10365
hungary,1997,10311
hungary,2002,10168
hungary,2007,10064
hungary,2012,9958.0
hungary,2015,9855.0
iceland,1962,182.60
iceland,1967,197.40
iceland,1972,209.90
iceland,1977,222.10
iceland,1982,233.10
iceland,1987,246.90
iceland,1992,259.90
iceland,1997,272.80
iceland,2002,286.90
iceland,2007,305.40
iceland,2012,323.40
iceland,2015,329.40
india,1962,468050
india,1967,519160
india,1972,579800
india,1977,650910
india,1982,730300
india,1987,817230
india,1992,906460
india,1997,997820
india,2002,1090200
india,2007,1179700
india,2012,1263600
india,2015,1311100
indonesia,1962,92558
indonesia,1967,105910
indonesia,1972,121060
indonesia,1977,137320
indonesia,1982,154510
indonesia,1987,171730
indonesia,1992,187760
indonesia,1997,202850
indonesia,2002,217370
indonesia,2007,232300
indonesia,2012,248040
indonesia,2015,257560
iran_islamic_republic_of,1962,23071
iran_islamic_republic_of,1967,26318
iran_islamic_republic_of,1972,30074
iran_islamic_republic_of,1977,34814
iran_islamic_republic_of,1982,41862
iran_islamic_republic_of,1987,51152
iran_islamic_republic_of,1992,58130
iran_islamic_republic_of,1997,62426
iran_islamic_republic_of,2002,67697
iran_islamic_republic_of,2007,71721
iran_islamic_republic_of,2012,76157
iran_islamic_republic_of,2015,79109
iraq,1962,7674.0
iraq,1967,8947.0
iraq,1972,10600
iraq,1977,12461
iraq,1982,14438
iraq,1987,16294
iraq,1992,18469
iraq,1997,21519
iraq,2002,24944
iraq,2007,28424
iraq,2012,32958
iraq,2015,36423
ireland,1962,2822.0
ireland,1967,2882.0
ireland,1972,3028.0
ireland,1977,3288.0
ireland,1982,3501.0
ireland,1987,3566.0
ireland,1992,3582.0
ireland,1997,3706.0
ireland,2002,3968.0
ireland,2007,4389.0
ireland,2012,4668.0
ireland,2015,4688.0
israel,1962,2264.0
israel,1967,2653.0
israel,1972,3034.0
israel,1977,3514.0
israel,1982,3884.0
israel,1987,4216.0
israel,1992,4807.0
israel,1997,5630.0
israel,2002,6240.0
israel,2007,6921.0
israel,2012,7695.0
israel,2015,8064.0
italy,1962,50458
italy,1967,52445
italy,1972,54262
italy,1977,55776
italy,1982,56626
italy,1987,56981
italy,1992,57063
italy,1997,57045
italy,2002,57656
italy,2007,59139
italy,2012,59738
italy,2015,59798
jamaica,1962,1681.0
jamaica,1967,1808.0
jamaica,1972,1930.0
jamaica,1977,2066.0
jamaica,1982,2212.0
jamaica,1987,2349.0
jamaica,1992,2423.0
jamaica,1997,2535.0
jamaica,2002,2635.0
jamaica,2007,2705.0
jamaica,2012,2763.0
jamaica,2015,2793.0
japan,1962,94264
japan,1967,99711
japan,1972,106620
japan,1977,113070
japan,1982,117710
japan,1987,121020
japan,1992,123180
japan,1997,125050
japan,2002,126250
japan,2007,127250
japan,2012,127140
japan,2015,126570
jordan,1962,962.80
jordan,1967,1320.0
jordan,1972,1812.0
jordan,1977,2092.0
jordan,1982,2463.0
jordan,1987,2982.0
jordan,1992,3744.0
jordan,1997,4545.0
jordan,2002,4939.0
jordan,2007,5759.0
jordan,2012,6994.0
jordan,2015,7595.0
kazakhstan,1992,16433
kazakhstan,1997,15466
kazakhstan,2002,15011
kazakhstan,2007,15755
kazakhstan,2012,16821
kazakhstan,2015,17625
kenya,1962,8629.0
kenya,1967,10154
kenya,1972,12083
kenya,1977,14527
kenya,1982,17560
kenya,1987,21140
kenya,1992,25030
kenya,1997,28842
kenya,2002,32692
kenya,2007,37251
kenya,2012,42543
kenya,2015,46050
kiribati,1962,43.310
kiribati,1967,48.440
kiribati,1972,52.820
kiribati,1977,56.810
kiribati,1982,60.920
kiribati,1987,67.260
kiribati,1992,74.770
kiribati,1997,80.190
kiribati,2002,87.340
kiribati,2007,96.310
kiribati,2012,106.60
kiribati,2015,112.40
kuwait,1962,335.20
kuwait,1967,585.80
kuwait,1972,866.80
kuwait,1977,1181.0
kuwait,1982,1519.0
kuwait,1987,1918.0
kuwait,1992,1909.0
kuwait,1997,1686.0
kuwait,2002,2042.0
kuwait,2007,2539.0
kuwait,2012,3420.0
kuwait,2015,3892.0
kyrgyzstan,1992,4477.0
kyrgyzstan,1997,4735.0
kyrgyzstan,2002,5028.0
kyrgyzstan,2007,5229.0
kyrgyzstan,2012,5648.0
kyrgyzstan,2015,5940.0
lao_people_s_democratic_republic,1962,2220.0
lao_people_s_democratic_republic,1967,2495.0
lao_people_s_democratic_republic,1972,2838.0
lao_people_s_democratic_republic,1977,3131.0
lao_people_s_democratic_republic,1982,3395.0
lao_people_s_democratic_republic,1987,3895.0
lao_people_s_democratic_republic,1992,4497.0
lao_people_s_democratic_republic,1997,5069.0
lao_people_s_democratic_republic,2002,5502.0
lao_people_s_democratic_republic,2007,5940.0
lao_people_s_democratic_republic,2012,6473.0
lao_people_s_democratic_republic,2015,6802.0
latvia,1992,2611.0
latvia,1997,2435.0
latvia,2002,2317.0
latvia,2007,2171.0
latvia,2012,2037.0
latvia,2015,1970.0
lebanon,1962,1925.0
lebanon,1967,2175.0
lebanon,1972,2417.0
lebanon,1977,2606.0
lebanon,1982,2632.0
lebanon,1987,2672.0
lebanon,1992,2822.0
lebanon,1997,3093.0
lebanon,2002,3523.0
lebanon,2007,4085.0
lebanon,2012,4924.0
lebanon,2015,5851.0
lesotho,1962,881.90
lesotho,1967,971.00
lesotho,1972,1075.0
lesotho,1977,1209.0
lesotho,1982,1374.0
lesotho,1987,1520.0
lesotho,1992,1660.0
lesotho,1997,1802.0
lesotho,2002,1885.0
lesotho,2007,1956.0
lesotho,2012,2057.0
lesotho,2015,2135.0
liberia,1962,1170.0
liberia,1967,1315.0
liberia,1972,1497.0
liberia,1977,1724.0
liberia,1982,2036.0
liberia,1987,2196.0
liberia,1992,2029.0
liberia,1997,2365.0
liberia,2002,3071.0
liberia,2007,3522.0
liberia,2012,4190.0
liberia,2015,4503.0
libya,1962,1536.0
libya,1967,1862.0
libya,1972,2307.0
libya,1977,2840.0
libya,1982,3450.0
libya,1987,4077.0
libya,1992,4597.0
libya,1997,5062.0
libya,2002,5518.0
libya,2007,6018.0
libya,2012,6283.0
libya,2015,6278.0
liechtenstein,1962,17.300
liechtenstein,1967,19.690
liechtenstein,1972,22.150
liechtenstein,1977,24.440
liechtenstein,1982,26.510
liechtenstein,1987,27.800
liechtenstein,1992,29.500
liechtenstein,1997,31.840
liechtenstein,2002,33.990
liechtenstein,2007,35.430
liechtenstein,2012,36.790
liechtenstein,2015,37.530
lithuania,1992,3691.0
lithuania,1997,3574.0
lithuania,2002,3433.0
lithuania,2007,3264.0
lithuania,2012,3016.0
lithuania,2015,2878.0
luxembourg,1962,390.30
luxembourg,1967,402.40
luxembourg,1972,409.80
luxembourg,1977,414.10
luxembourg,1982,417.00
luxembourg,1987,419.00
luxembourg,1992,425.30
luxembourg,1997,432.80
luxembourg,2002,443.70
luxembourg,2007,474.70
luxembourg,2012,532.50
luxembourg,2015,567.10
madagascar,1962,5353.0
madagascar,1967,6072.0
madagascar,1972,6952.0
madagascar,1977,8032.0
madagascar,1982,9221.0
madagascar,1987,10563
madagascar,1992,12264
madagascar,1997,14329
madagascar,2002,16736
madagascar,2007,19371
madagascar,2012,22294
madagascar,2015,24235
malawi,1962,3784.0
malawi,1967,4262.0
malawi,1972,4860.0
malawi,1977,5628.0
malawi,1982,6484.0
malawi,1987,8108.0
malawi,1992,9683.0
malawi,1997,10260
malawi,2002,11789
malawi,2007,13498
malawi,2012,15700
malawi,2015,17215
malaysia,1962,8711.0
malaysia,1967,10112
malaysia,1972,11460
malaysia,1977,12892
malaysia,1982,14544
malaysia,1987,16704
malaysia,1992,19205
malaysia,1997,21808
malaysia,2002,24402
malaysia,2007,26731
malaysia,2012,29022
malaysia,2015,30331
maldives,1962,94.910
maldives,1967,107.50
maldives,1972,123.40
maldives,1977,144.60
maldives,1982,169.90
maldives,1987,203.10
maldives,1992,236.00
maldives,1997,265.10
maldives,2002,290.20
maldives,2007,315.50
maldives,2012,344.80
maldives,2015,363.70
mali,1962,5381.0
mali,1967,5706.0
mali,1972,6147.0
mali,1977,6713.0
mali,1982,7387.0
mali,1987,8073.0
mali,1992,8891.0
mali,1997,10168
mali,2002,11723
mali,2007,13759
mali,2012,16112
mali,2015,17600
malta,1962,310.30
malta,1967,304.80
malta,1972,304.80
malta,1977,311.40
malta,1982,327.00
malta,1987,345.50
malta,1992,362.50
malta,1997,378.80
malta,2002,391.20
malta,2007,403.10
malta,2012,415.60
malta,2015,418.70
marshall_islands,1962,19.290
marshall_islands,1967,22.280
marshall_islands,1972,25.260
marshall_islands,1977,27.560
marshall_islands,1982,33.300
marshall_islands,1987,41.800
marshall_islands,1992,49.380
marshall_islands,1997,51.700
marshall_islands,2002,52.160
marshall_islands,2007,52.140
marshall_islands,2012,52.660
marshall_islands,2015,52.990
mauritania,1962,909.20
mauritania,1967,1052.0
mauritania,1972,1218.0
mauritania,1977,1408.0
mauritania,1982,1624.0
mauritania,1987,1865.0
mauritania,1992,2140.0
mauritania,1997,2476.0
mauritania,2002,2885.0
mauritania,2007,3328.0
mauritania,2012,3777.0
mauritania,2015,4068.0
mauritius,1962,698.30
mauritius,1967,784.80
mauritius,1972,852.40
mauritius,1977,922.30
mauritius,1982,988.90
mauritius,1987,1030.0
mauritius,1992,1083.0
mauritius,1997,1154.0
mauritius,2002,1202.0
mauritius,2007,1233.0
mauritius,2012,1258.0
mauritius,2015,1273.0
mexico,1962,40650
mexico,1967,47430
mexico,1972,55480
mexico,1977,64338
mexico,1982,72548
mexico,1987,80571
mexico,1992,89110
mexico,1997,97926
mexico,2002,105580
mexico,2007,113140
mexico,2012,122070
mexico,2015,127020
micronesia_federated_states_of,1962,39.790
micronesia_federated_states_of,1967,45.950
micronesia_federated_states_of,1972,52.110
micronesia_federated_states_of,1977,56.840
micronesia_federated_states_of,1982,68.680
micronesia_federated_states_of,1987,86.210
micronesia_federated_states_of,1992,101.40
micronesia_federated_states_of,1997,108.50
micronesia_federated_states_of,2002,107.00
micronesia_federated_states_of,2007,105.10
micronesia_federated_states_of,2012,103.50
micronesia_federated_states_of,2015,104.50
monaco,1962,23.040
monaco,1967,23.300
monaco,1972,24.050
monaco,1977,25.810
monaco,1982,27.630
monaco,1987,29.170
monaco,1992,29.860
monaco,1997,31.240
monaco,2002,32.650
monaco,2007,35.050
monaco,2012,37.400
monaco,2015,37.730
mongolia,1962,1011.0
mongolia,1967,1173.0
mongolia,1972,1357.0
mongolia,1977,1562.0
mongolia,1982,1778.0
mongolia,1987,2033.0
mongolia,1992,2244.0
mongolia,1997,2336.0
mongolia,2002,2444.0
mongolia,2007,2593.0
mongolia,2012,2808.0
mongolia,2015,2959.0
montenegro,2007,618.60
montenegro,2012,623.90
montenegro,2015,625.80
morocco,1962,13101
morocco,1967,14979
morocco,1972,16741
morocco,1977,18689
morocco,1982,21071
morocco,1987,23561
morocco,1992,25866
morocco,1997,27934
morocco,2002,29536
morocco,2007,31011
morocco,2012,32984
morocco,2015,34378
mozambique,1962,7799.0
mozambique,1967,8669.0
mozambique,1972,9680.0
mozambique,1977,11002
mozambique,1982,12512
mozambique,1987,13143
mozambique,1992,14204
mozambique,1997,16873
mozambique,2002,19349
mozambique,2007,22360
mozambique,2012,25733
mozambique,2015,27978
myanmar,1962,22447
myanmar,1967,25218
myanmar,1972,28517
myanmar,1977,32131
myanmar,1982,36099
myanmar,1987,40005
myanmar,1992,43126
myanmar,1997,45896
myanmar,2002,48690
myanmar,2007,50699
myanmar,2012,52544
myanmar,2015,53897
namibia,1962,632.70
namibia,1967,718.60
namibia,1972,829.80
namibia,1977,949.70
namibia,1982,1057.0
namibia,1987,1247.0
namibia,1992,1514.0
namibia,1997,1758.0
namibia,2002,1958.0
namibia,2007,2083.0
namibia,2012,2292.0
namibia,2015,2459.0
nauru,1962,4.9500
nauru,1967,6.1000
nauru,1972,6.7400
nauru,1977,7.2400
nauru,1982,7.7200
nauru,1987,8.5500
nauru,1992,9.5400
nauru,1997,10.060
nauru,2002,10.070
nauru,2007,10.070
nauru,2012,10.080
nauru,2015,10.220
nepal,1962,10377
nepal,1967,11307
nepal,1972,12488
nepal,1977,13914
nepal,1982,15596
nepal,1987,17472
nepal,1992,19766
nepal,1997,22395
nepal,2002,24517
nepal,2007,26064
nepal,2012,27501
nepal,2015,28514
netherlands,1962,11736
netherlands,1967,12525
netherlands,1972,13239
netherlands,1977,13827
netherlands,1982,14255
netherlands,1987,14635
netherlands,1992,15128
netherlands,1997,15636
netherlands,2002,16076
netherlands,2007,16463
netherlands,2012,16749
netherlands,2015,16925
new_zealand,1962,2477.0
new_zealand,1967,2704.0
new_zealand,1972,2930.0
new_zealand,1977,3123.0
new_zealand,1982,3189.0
new_zealand,1987,3310.0
new_zealand,1992,3503.0
new_zealand,1997,3752.0
new_zealand,2002,3962.0
new_zealand,2007,4238.0
new_zealand,2012,4436.0
new_zealand,2015,4529.0
nicaragua,1962,1887.0
nicaragua,1967,2190.0
nicaragua,1972,2550.0
nicaragua,1977,2974.0
nicaragua,1982,3436.0
nicaragua,1987,3883.0
nicaragua,1992,4331.0
nicaragua,1997,4787.0
nicaragua,2002,5172.0
nicaragua,2007,5522.0
nicaragua,2012,5877.0
nicaragua,2015,6082.0
niger,1962,3597.0
niger,1967,4144.0
niger,1972,4753.0
niger,1977,5476.0
niger,1982,6299.0
niger,1987,7233.0
niger,1992,8442.0
niger,1997,10059
niger,2002,12076
niger,2007,14528
niger,2012,17636
niger,2015,19899
nigeria,1962,47118
nigeria,1967,52469
nigeria,1972,58829
nigeria,1977,67425
nigeria,1982,77730
nigeria,1987,88413
nigeria,1992,100590
nigeria,1997,113980
nigeria,2002,129250
nigeria,2007,147150
nigeria,2012,168240
nigeria,2015,182200
niue,1962,4.9300
niue,1967,5.2100
niue,1972,4.7300
niue,1977,3.6900
niue,1982,3.1300
niue,1987,2.5200
niue,1992,2.2600
niue,1997,2.0700
niue,2002,1.8000
niue,2007,1.6500
niue,2012,1.6100
niue,2015,1.6100
norway,1962,3639.0
norway,1967,3785.0
norway,1972,3933.0
norway,1977,4042.0
norway,1982,4108.0
norway,1987,4181.0
norway,1992,4286.0
norway,1997,4413.0
norway,2002,4537.0
norway,2007,4717.0
norway,2012,5018.0
norway,2015,5211.0
occupied_palestinian_territory,1962,1129.0
occupied_palestinian_territory,1967,1165.0
occupied_palestinian_territory,1972,1180.0
occupied_palestinian_territory,1977,1398.0
occupied_palestinian_territory,1982,1600.0
occupied_palestinian_territory,1987,1879.0
occupied_palestinian_territory,1992,2287.0
occupied_palestinian_territory,1997,2872.0
occupied_palestinian_territory,2002,3381.0
occupied_palestinian_territory,2007,3755.0
occupied_palestinian_territory,2012,4298.0
occupied_palestinian_territory,2015,4668.0
oman,1962,578.80
oman,1967,660.10
oman,1972,776.40
oman,1977,977.80
oman,1982,1290.0
oman,1987,1621.0
oman,1992,1980.0
oman,1997,2228.0
oman,2002,2323.0
oman,2007,2594.0
oman,2012,3545.0
oman,2015,4491.0
pakistan,1962,47123
pakistan,1967,53594
pakistan,1972,61341
pakistan,1977,70954
pakistan,1982,83428
pakistan,1987,98302
pakistan,1992,113620
pakistan,1997,128850
pakistan,2002,144270
pakistan,2007,159770
pakistan,2012,177390
pakistan,2015,188930
palau,1962,6.0290
palau,1967,6.9620
palau,1972,7.8950
palau,1977,8.6120
palau,1982,10.410
palau,1987,13.060
palau,1992,15.890
palau,1997,18.120
palau,2002,19.570
palau,2007,20.120
palau,2012,20.760
palau,2015,21.290
panama,1962,1202.0
panama,1967,1394.0
panama,1972,1608.0
panama,1977,1838.0
panama,1982,2074.0
panama,1987,2318.0
panama,1992,2575.0
panama,1997,2853.0
panama,2002,3145.0
panama,2007,3438.0
panama,2012,3744.0
panama,2015,3929.0
papua_new_guinea,1962,2037.0
papua_new_guinea,1967,2259.0
papua_new_guinea,1972,2576.0
papua_new_guinea,1977,2968.0
papua_new_guinea,1982,3396.0
papua_new_guinea,1987,3865.0
papua_new_guinea,1992,4369.0
papua_new_guinea,1997,4969.0
papua_new_guinea,2002,5653.0
papua_new_guinea,2007,6387.0
papua_new_guinea,2012,7155.0
papua_new_guinea,2015,7619.0
paraguay,1962,2005.0
paraguay,1967,2290.0
paraguay,1972,2597.0
paraguay,1977,2935.0
paraguay,1982,3367.0
paraguay,1987,3885.0
paraguay,1992,4433.0
paraguay,1997,4980.0
paraguay,2002,5509.0
paraguay,2007,5966.0
paraguay,2012,6379.0
paraguay,2015,6639.0
peru,1962,10651
peru,1967,12282
peru,1972,14072
peru,1977,16061
peru,1982,18226
peru,1987,20452
peru,1992,22737
peru,1997,24827
peru,2002,26601
peru,2007,28293
peru,2012,30159
peru,2015,31377
philippines,1962,28081
philippines,1967,32827
philippines,1972,37925
philippines,1977,43650
philippines,1982,50068
philippines,1987,57313
philippines,1992,65079
philippines,1997,73043
philippines,2002,81294
philippines,2007,88966
philippines,2012,96017
philippines,2015,100700
poland,1962,30531
poland,1967,32085
poland,1972,33329
poland,1977,34779
poland,1982,36517
poland,1987,37867
poland,1992,38397
poland,1997,38583
poland,2002,38455
poland,2007,38500
poland,2012,38609
poland,2015,38612
portugal,1962,8917.0
portugal,1967,8774.0
portugal,1972,8806.0
portugal,1977,9441.0
portugal,1982,9873.0
portugal,1987,9912.0
portugal,1992,9943.0
portugal,1997,10160
portugal,2002,10362
portugal,2007,10551
portugal,2012,10515
portugal,2015,10350
puerto_rico,1962,2442.0
puerto_rico,1967,2634.0
puerto_rico,1972,2787.0
puerto_rico,1977,3037.0
puerto_rico,1982,3269.0
puerto_rico,1987,3429.0
puerto_rico,1992,3587.0
puerto_rico,1997,3747.0
puerto_rico,2002,3795.0
puerto_rico,2007,3739.0
puerto_rico,2012,3696.0
puerto_rico,2015,3683.0
qatar,1962,56.190
qatar,1967,86.160
qatar,1972,130.40
qatar,1977,182.40
qatar,1982,277.20
qatar,1987,423.30
qatar,1992,489.70
qatar,1997,528.20
qatar,2002,634.40
qatar,2007,1179.0
qatar,2012,2016.0
qatar,2015,2235.0
republic_of_korea,1962,26495
republic_of_korea,1967,29607
republic_of_korea,1972,32759
republic_of_korea,1977,35832
republic_of_korea,1982,38666
republic_of_korea,1987,41588
republic_of_korea,1992,43708
republic_of_korea,1997,45284
republic_of_korea,2002,46770
republic_of_korea,2007,48205
republic_of_korea,2012,49608
republic_of_korea,2015,50293
republic_of_moldova,1992,4375.0
republic_of_moldova,1997,4285.0
republic_of_moldova,2002,4177.0
republic_of_moldova,2007,4128.0
republic_of_moldova,2012,4075.0
republic_of_moldova,2015,4069.0
romania,1962,18924
romania,1967,19811
romania,1972,21012
romania,1977,22084
romania,1982,22842
romania,1987,23312
romania,1992,23373
romania,1997,22633
romania,2002,21852
romania,2007,20980
romania,2012,19945
romania,2015,19511
russian_federation,1992,148320
russian_federation,1997,147770
russian_federation,2002,145200
russian_federation,2007,143180
russian_federation,2012,143290
russian_federation,2015,143460
rwanda,1962,3051.0
rwanda,1967,3418.0
rwanda,1972,3984.0
rwanda,1977,4648.0
rwanda,1982,5486.0
rwanda,1987,6742.0
rwanda,1992,6713.0
rwanda,1997,6506.0
rwanda,2002,8539.0
rwanda,2007,9481.0
rwanda,2012,10817
rwanda,2015,11610
saint_kitts_and_nevis,1962,50.970
saint_kitts_and_nevis,1967,47.380
saint_kitts_and_nevis,1972,44.330
saint_kitts_and_nevis,1977,43.950
saint_kitts_and_nevis,1982,42.760
saint_kitts_and_nevis,1987,41.350
saint_kitts_and_nevis,1992,41.360
saint_kitts_and_nevis,1997,43.880
saint_kitts_and_nevis,2002,46.940
saint_kitts_and_nevis,2007,50.470
saint_kitts_and_nevis,2012,53.650
saint_kitts_and_nevis,2015,55.570
saint_lucia,1962,92.090
saint_lucia,1967,99.530
saint_lucia,1972,106.50
saint_lucia,1977,112.80
saint_lucia,1982,121.20
saint_lucia,1987,131.00
saint_lucia,1992,141.90
saint_lucia,1997,151.00
saint_lucia,2002,160.20
saint_lucia,2007,170.20
saint_lucia,2012,180.90
saint_lucia,2015,185.00
saint_vincent_and_the_grenadines,1962,83.210
saint_vincent_and_the_grenadines,1967,87.740
saint_vincent_and_the_grenadines,1972,92.470
saint_vincent_and_the_grenadines,1977,97.650
saint_vincent_and_the_grenadines,1982,102.20
saint_vincent_and_the_grenadines,1987,105.90
saint_vincent_and_the_grenadines,1992,108.00
saint_vincent_and_the_grenadines,1997,108.00
saint_vincent_and_the_grenadines,2002,108.20
saint_vincent_and_the_grenadines,2007,109.00
saint_vincent_and_the_grenadines,2012,109.30
saint_vincent_and_the_grenadines,2015,109.50
samoa,1962,115.80
samoa,1967,134.20
samoa,1972,147.30
samoa,1977,153.20
samoa,1982,157.40
samoa,1987,161.00
samoa,1992,165.60
samoa,1997,172.20
samoa,2002,176.60
samoa,2007,182.20
samoa,2012,188.90
samoa,2015,193.20
san_marino,1962,16.200
san_marino,1967,18.230
san_marino,1972,19.400
san_marino,1977,20.300
san_marino,1982,21.940
san_marino,1987,23.210
san_marino,1992,24.750
san_marino,1997,26.500
san_marino,2002,28.140
san_marino,2007,29.870
san_marino,2012,31.170
san_marino,2015,31.780
sao_tome_and_principe,1962,64.430
sao_tome_and_principe,1967,67.870
sao_tome_and_principe,1972,77.540
sao_tome_and_principe,1977,87.440
sao_tome_and_principe,1982,98.690
sao_tome_and_principe,1987,107.30
sao_tome_and_principe,1992,118.40
sao_tome_and_principe,1997,130.10
sao_tome_and_principe,2002,143.10
sao_tome_and_principe,2007,160.10
sao_tome_and_principe,2012,178.50
sao_tome_and_principe,2015,190.30
saudi_arabia,1962,4363.0
saudi_arabia,1967,5196.0
saudi_arabia,1972,6382.0
saudi_arabia,1977,8295.0
saudi_arabia,1982,11247
saudi_arabia,1987,14642
saudi_arabia,1992,17399
saudi_arabia,1997,19810
saudi_arabia,2002,22668
saudi_arabia,2007,26084
saudi_arabia,2012,29496
saudi_arabia,2015,31540
senegal,1962,3356.0
senegal,1967,3863.0
senegal,1972,4485.0
senegal,1977,5160.0
senegal,1982,5888.0
senegal,1987,6847.0
senegal,1992,7991.0
senegal,1997,9163.0
senegal,2002,10389
senegal,2007,11897
senegal,2012,13780
senegal,2015,15129
serbia,2007,9130.0
serbia,2012,8983.0
serbia,2015,8851.0
seychelles,1962,43.410
seychelles,1967,48.910
seychelles,1972,55.130
seychelles,1977,62.500
seychelles,1982,68.180
seychelles,1987,70.010
seychelles,1992,72.710
seychelles,1997,78.470
seychelles,2002,84.100
seychelles,2007,90.840
seychelles,2012,94.520
seychelles,2015,96.470
sierra_leone,1962,2240.0
sierra_leone,1967,2400.0
sierra_leone,1972,2606.0
sierra_leone,1977,2887.0
sierra_leone,1982,3224.0
sierra_leone,1987,3682.0
sierra_leone,1992,3929.0
sierra_leone,1997,3843.0
sierra_leone,2002,4422.0
sierra_leone,2007,5391.0
sierra_leone,2012,6043.0
sierra_leone,2015,6453.0
singapore,1962,1742.0
singapore,1967,1961.0
singapore,1972,2153.0
singapore,1977,2318.0
singapore,1982,2520.0
singapore,1987,2823.0
singapore,1992,3193.0
singapore,1997,3653.0
singapore,2002,4136.0
singapore,2007,4733.0
singapore,2012,5300.0
singapore,2015,5604.0
slovakia,1997,5378.0
slovakia,2002,5385.0
slovakia,2007,5392.0
slovakia,2012,5416.0
slovakia,2015,5426.0
slovenia,1992,2006.0
slovenia,1997,1988.0
slovenia,2002,1988.0
slovenia,2007,2017.0
slovenia,2012,2063.0
slovenia,2015,2068.0
solomon_islands,1962,125.10
solomon_islands,1967,145.40
solomon_islands,1972,172.60
solomon_islands,1977,207.90
solomon_islands,1982,246.50
solomon_islands,1987,286.90
solomon_islands,1992,330.00
solomon_islands,1997,379.90
solomon_islands,2002,434.90
solomon_islands,2007,492.10
solomon_islands,2012,549.20
solomon_islands,2015,583.60
somalia,1962,2875.0
somalia,1967,3227.0
somalia,1972,3490.0
somalia,1977,4754.0
somalia,1982,6272.0
somalia,1987,6139.0
somalia,1992,6294.0
somalia,1997,6673.0
somalia,2002,7827.0
somalia,2007,8909.0
somalia,2012,10034
somalia,2015,10787
south_africa,1962,18322
south_africa,1967,20844
south_africa,1972,23736
south_africa,1977,27010
south_africa,1982,30611
south_africa,1987,34463
south_africa,1992,38647
south_africa,1997,42922
south_africa,2002,46272
south_africa,2007,49694
south_africa,2012,52837
south_africa,2015,54490
south_sudan,2012,10981
south_sudan,2015,12340
spain,1962,31122
spain,1967,32874
spain,1972,34701
spain,1977,36687
spain,1982,38213
spain,1987,38951
spain,1992,39397
spain,1997,39996
spain,2002,41815
spain,2007,45210
spain,2012,46637
spain,2015,46122
sri_lanka,1962,10366
sri_lanka,1967,11662
sri_lanka,1972,13003
sri_lanka,1977,14274
sri_lanka,1982,15503
sri_lanka,1987,16649
sri_lanka,1992,17742
sri_lanka,1997,18478
sri_lanka,2002,19061
sri_lanka,2007,19814
sri_lanka,2012,20422
sri_lanka,2015,20715
sudan,2012,37712
sudan,2015,40235
suriname,1962,306.30
suriname,1967,350.80
suriname,1972,371.30
suriname,1977,361.00
suriname,1982,364.00
suriname,1987,383.90
suriname,1992,423.60
suriname,1997,461.60
suriname,2002,486.30
suriname,2007,501.00
suriname,2012,528.50
suriname,2015,543.00
swaziland,1962,365.70
swaziland,1967,411.50
swaziland,1972,472.30
swaziland,1977,550.10
swaziland,1982,639.30
swaziland,1987,767.40
swaziland,1992,908.00
swaziland,1997,1007.0
swaziland,2002,1082.0
swaziland,2007,1135.0
swaziland,2012,1232.0
swaziland,2015,1287.0
sweden,1962,7576.0
sweden,1967,7871.0
sweden,1972,8122.0
sweden,1977,8246.0
sweden,1982,8323.0
sweden,1987,8414.0
sweden,1992,8678.0
sweden,1997,8859.0
sweden,2002,8912.0
sweden,2007,9153.0
sweden,2012,9543.0
sweden,2015,9779.0
switzerland,1962,5503.0
switzerland,1967,5992.0
switzerland,1972,6270.0
switzerland,1977,6341.0
switzerland,1982,6341.0
switzerland,1987,6531.0
switzerland,1992,6814.0
switzerland,1997,7090.0
switzerland,2002,7242.0
switzerland,2007,7560.0
switzerland,2012,8023.0
switzerland,2015,8299.0
syrian_arab_republic,1962,4897.0
syrian_arab_republic,1967,5767.0
syrian_arab_republic,1972,6829.0
syrian_arab_republic,1977,8088.0
syrian_arab_republic,1982,9614.0
syrian_arab_republic,1987,11375
syrian_arab_republic,1992,13186
syrian_arab_republic,1997,15152
syrian_arab_republic,2002,16998
syrian_arab_republic,2007,19426
syrian_arab_republic,2012,19979
syrian_arab_republic,2015,18502
tajikistan,1992,5523.0
tajikistan,1997,5937.0
tajikistan,2002,6407.0
tajikistan,2007,7099.0
tajikistan,2012,7931.0
tajikistan,2015,8482.0
thailand,1962,29081
thailand,1967,33778
thailand,1972,39062
thailand,1977,44416
thailand,1982,49266
thailand,1987,53980
thailand,1992,57762
thailand,1997,60545
thailand,2002,64137
thailand,2007,66354
thailand,2012,67164
thailand,2015,67959
the_former_yugoslav_republic_of_macedonia,1992,1977.0
the_former_yugoslav_republic_of_macedonia,1997,1969.0
the_former_yugoslav_republic_of_macedonia,2002,2029.0
the_former_yugoslav_republic_of_macedonia,2007,2051.0
the_former_yugoslav_republic_of_macedonia,2012,2069.0
the_former_yugoslav_republic_of_macedonia,2015,2078.0
timor_leste,1962,517.40
timor_leste,1967,567.30
timor_leste,1972,636.10
timor_leste,1977,630.20
timor_leste,1982,593.90
timor_leste,1987,689.20
timor_leste,1992,792.80
timor_leste,1997,853.90
timor_leste,2002,894.80
timor_leste,2007,1021.0
timor_leste,2012,1102.0
timor_leste,2015,1185.0
togo,1962,1613.0
togo,1967,1855.0
togo,1972,2248.0
togo,1977,2519.0
togo,1982,2915.0
togo,1987,3472.0
togo,1992,3984.0
togo,1997,4506.0
togo,2002,5142.0
togo,2007,5890.0
togo,2012,6746.0
togo,2015,7305.0
tokelau,1962,1.9400
tokelau,1967,1.8100
tokelau,1972,1.5700
tokelau,1977,1.5500
tokelau,1982,1.6200
tokelau,1987,1.7000
tokelau,1992,1.5600
tokelau,1997,1.5500
tokelau,2002,1.4300
tokelau,2007,1.1400
tokelau,2012,1.1700
tokelau,2015,1.2500
tonga,1962,66.250
tonga,1967,79.050
tonga,1972,86.350
tonga,1977,90.300
tonga,1982,93.680
tonga,1987,94.400
tonga,1992,95.420
tonga,1997,96.530
tonga,2002,99.000
tonga,2007,102.20
tonga,2012,104.80
tonga,2015,106.20
trinidad_and_tobago,1962,880.00
trinidad_and_tobago,1967,925.90
trinidad_and_tobago,1972,968.70
trinidad_and_tobago,1977,1040.0
trinidad_and_tobago,1982,1121.0
trinidad_and_tobago,1987,1195.0
trinidad_and_tobago,1992,1237.0
trinidad_and_tobago,1997,1261.0
trinidad_and_tobago,2002,1278.0
trinidad_and_tobago,2007,1309.0
trinidad_and_tobago,2012,1342.0
trinidad_and_tobago,2015,1360.0
tunisia,1962,4303.0
tunisia,1967,4738.0
tunisia,1972,5288.0
tunisia,1977,5915.0
tunisia,1982,6734.0
tunisia,1987,7692.0
tunisia,1992,8603.0
tunisia,1997,9384.0
tunisia,2002,9864.0
tunisia,2007,10299
tunisia,2012,10881
tunisia,2015,11254
turkey,1962,28910
turkey,1967,32448
turkey,1972,36475
turkey,1977,41020
turkey,1982,45998
turkey,1987,51169
turkey,1992,55811
turkey,1997,60394
turkey,2002,65126
turkey,2007,69515
turkey,2012,74849
turkey,2015,78666
turkmenistan,1992,3882.0
turkmenistan,1997,4336.0
turkmenistan,2002,4600.0
turkmenistan,2007,4858.0
turkmenistan,2012,5173.0
turkmenistan,2015,5374.0
tuvalu,1962,6.3900
tuvalu,1967,7.0400
tuvalu,1972,7.4600
tuvalu,1977,7.8200
tuvalu,1982,8.2800
tuvalu,1987,8.8200
tuvalu,1992,9.1000
tuvalu,1997,9.3000
tuvalu,2002,9.5300
tuvalu,2007,9.7600
tuvalu,2012,9.8600
tuvalu,2015,9.9200
uganda,1962,7240.0
uganda,1967,8581.0
uganda,1972,9988.0
uganda,1977,11471
uganda,1982,13318
uganda,1987,15668
uganda,1992,18572
uganda,1997,21680
uganda,2002,25356
uganda,2007,29992
uganda,2012,35401
uganda,2015,39032
ukraine,1992,51314
ukraine,1997,50096
ukraine,2002,47891
ukraine,2007,46249
ukraine,2012,45320
ukraine,2015,44824
united_arab_emirates,1962,112.20
united_arab_emirates,1967,171.80
united_arab_emirates,1972,324.10
united_arab_emirates,1977,722.80
united_arab_emirates,1982,1158.0
united_arab_emirates,1987,1519.0
united_arab_emirates,1992,2019.0
united_arab_emirates,1997,2595.0
united_arab_emirates,2002,3394.0
united_arab_emirates,2007,6010.0
united_arab_emirates,2012,8953.0
united_arab_emirates,2015,9157.0
united_kingdom,1962,53147
united_kingdom,1967,54905
united_kingdom,1972,55927
united_kingdom,1977,56225
united_kingdom,1982,56250
united_kingdom,1987,56649
united_kingdom,1992,57419
united_kingdom,1997,58264
united_kingdom,2002,59301
united_kingdom,2007,61152
united_kingdom,2012,63574
united_kingdom,2015,64716
united_republic_of_tanzania,1962,10684
united_republic_of_tanzania,1967,12406
united_republic_of_tanzania,1972,14506
united_republic_of_tanzania,1977,17018
united_republic_of_tanzania,1982,19895
united_republic_of_tanzania,1987,23204
united_republic_of_tanzania,1992,27204
united_republic_of_tanzania,1997,31534
united_republic_of_tanzania,2002,35855
united_republic_of_tanzania,2007,41522
united_republic_of_tanzania,2012,48646
united_republic_of_tanzania,2015,53470
united_states_of_america,1962,191860
united_states_of_america,1967,203710
united_states_of_america,1972,213220
united_states_of_america,1977,223090
united_states_of_america,1982,233950
united_states_of_america,1987,245430
united_states_of_america,1992,257910
united_states_of_america,1997,272880
united_states_of_america,2002,288470
united_states_of_america,2007,301660
united_states_of_america,2012,314800
united_states_of_america,2015,321770
uruguay,1962,2604.0
uruguay,1967,2750.0
uruguay,1972,2821.0
uruguay,1977,2857.0
uruguay,1982,2954.0
uruguay,1987,3050.0
uruguay,1992,3155.0
uruguay,1997,3271.0
uruguay,2002,3328.0
uruguay,2007,3340.0
uruguay,2012,3397.0
uruguay,2015,3432.0
uzbekistan,1992,21416
uzbekistan,1997,23475
uzbekistan,2002,25089
uzbekistan,2007,26587
uzbekistan,2012,28592
uzbekistan,2015,29893
vanuatu,1962,67.810
vanuatu,1967,78.520
vanuatu,1972,90.820
vanuatu,1977,106.20
vanuatu,1982,121.40
vanuatu,1987,136.10
vanuatu,1992,155.20
vanuatu,1997,175.00
vanuatu,2002,194.00
vanuatu,2007,220.00
vanuatu,2012,247.50
vanuatu,2015,264.60
venezuela_bolivarian_republic_of,1962,8791.0
venezuela_bolivarian_republic_of,1967,10528
venezuela_bolivarian_republic_of,1972,12286
venezuela_bolivarian_republic_of,1977,14128
venezuela_bolivarian_republic_of,1982,16186
venezuela_bolivarian_republic_of,1987,18438
venezuela_bolivarian_republic_of,1992,20799
venezuela_bolivarian_republic_of,1997,23108
venezuela_bolivarian_republic_of,2002,25399
venezuela_bolivarian_republic_of,2007,27671
venezuela_bolivarian_republic_of,2012,29854
venezuela_bolivarian_republic_of,2015,31108
viet_nam,1962,34684
viet_nam,1967,40075
viet_nam,1972,45549
viet_nam,1977,50900
viet_nam,1982,56932
viet_nam,1987,63881
viet_nam,1992,71130
viet_nam,1997,77460
viet_nam,2002,81917
viet_nam,2007,85771
viet_nam,2012,90336
viet_nam,2015,93448
yemen,1962,5339.0
yemen,1967,5827.0
yemen,1972,6371.0
yemen,1977,7227.0
yemen,1982,8698.0
yemen,1987,10543
yemen,1992,13245
yemen,1997,16350
yemen,2002,18832
yemen,2007,21701
yemen,2012,24883
yemen,2015,26832
zambia,1962,3241.0
zambia,1967,3793.0
zambia,1972,4484.0
zambia,1977,5344.0
zambia,1982,6353.0
zambia,1987,7469.0
zambia,1992,8577.0
zambia,1997,9764.0
zambia,2002,11140
zambia,2007,12739
zambia,2012,14787
zambia,2015,16212
zimbabwe,1962,4006.0
zimbabwe,1967,4719.0
zimbabwe,1972,5573.0
zimbabwe,1977,6581.0
zimbabwe,1982,7876.0
zimbabwe,1987,9536.0
zimbabwe,1992,11020
zimbabwe,1997,12060
zimbabwe,2002,12691
zimbabwe,2007,13298
zimbabwe,2012,14565
zimbabwe,2015,15603
