area,year,pct_of_total_country_area_cultivated
afghanistan,1962,11.890
afghanistan,1967,12.220
afghanistan,1972,12.320
afghanistan,1977,12.330
afghanistan,1982,12.340
afghanistan,1987,12.320
afghanistan,1992,12.300
afghanistan,1997,11.930
afghanistan,2002,11.880
afghanistan,2007,12.120
afghanistan,2012,12.120
afghanistan,2014,12.120
albania,1962,16.940
albania,1967,19.340
albania,1972,21.700
albania,1977,24.070
albania,1982,24.660
albania,1987,24.830
albania,1992,24.450
albania,1997,24.350
albania,2002,24.310
albania,2007,24.280
albania,2012,24.210
albania,2014,24.210
algeria,1962,2.8970
algeria,1967,2.8830
algeria,1972,2.9860
algeria,1977,3.1670
algeria,1982,3.1530
algeria,1987,3.2010
algeria,1992,3.3980
algeria,1997,3.4260
algeria,2002,3.4450
algeria,2007,3.5230
algeria,2012,3.5390
algeria,2014,3.5430
andorra,1962,2.1280
andorra,1967,2.1280
andorra,1972,2.1280
andorra,1977,2.1280
andorra,1982,2.1280
andorra,1987,2.1280
andorra,1992,4.2550
andorra,1997,4.2550
andorra,2002,5.3190
andorra,2007,4.8940
andorra,2012,5.1060
andorra,2014,5.9570
angola,1962,2.5670
angola,1967,2.6710
angola,1972,2.7270
angola,1977,2.7270
angola,1982,2.7270
angola,1987,2.7270
angola,1992,2.8070
angola,1997,2.8070
angola,2002,2.7190
angola,2007,2.9600
angola,2012,4.0030
angola,2014,4.1630
antigua_and_barbuda,1962,15.910
antigua_and_barbuda,1967,15.910
antigua_and_barbuda,1972,9.0910
antigua_and_barbuda,1977,9.0910
antigua_and_barbuda,1982,9.0910
antigua_and_barbuda,1987,11.360
antigua_and_barbuda,1992,11.360
antigua_and_barbuda,1997,11.360
antigua_and_barbuda,2002,11.360
antigua_and_barbuda,2007,11.360
antigua_and_barbuda,2012,11.360
antigua_and_barbuda,2014,11.360
argentina,1962,7.2150
argentina,1967,8.3620
argentina,1972,9.6880
argentina,1977,9.6980
argentina,1982,10.070
argentina,1987,10.010
argentina,1992,10.000
argentina,1997,10.190
argentina,2002,10.380
argentina,2007,13.460
argentina,2012,14.660
argentina,2014,14.460
armenia,1992,16.240
armenia,1997,16.750
armenia,2002,16.510
armenia,2007,17.020
armenia,2012,16.980
armenia,2014,16.990
australia,1962,4.1680
australia,1967,5.3540
australia,1972,5.2690
australia,1977,5.3270
australia,1982,6.0110
australia,1987,6.0850
australia,1992,6.1200
australia,1997,5.1800
australia,2002,6.2170
australia,2007,5.7520
australia,2012,6.1350
australia,2014,6.1110
austria,1962,20.820
austria,1967,19.910
austria,1972,20.050
austria,1977,19.400
austria,1982,19.480
austria,1987,18.040
austria,1992,17.950
austria,1997,17.630
austria,2002,17.360
austria,2007,17.220
austria,2012,16.930
austria,2014,16.890
azerbaijan,1992,23.260
azerbaijan,1997,23.810
azerbaijan,2002,23.820
azerbaijan,2007,24.010
azerbaijan,2012,24.570
azerbaijan,2014,24.940
bahamas,1962,0.64840
bahamas,1967,0.64840
bahamas,1972,0.64840
bahamas,1977,0.64840
bahamas,1982,0.64840
bahamas,1987,0.72050
bahamas,1992,0.72050
bahamas,1997,0.72050
bahamas,2002,0.79250
bahamas,2007,0.79250
bahamas,2012,0.86460
bahamas,2014,0.86460
bahrain,1962,4.3480
bahrain,1967,4.3480
bahrain,1972,4.3480
bahrain,1977,8.6960
bahrain,1982,5.7970
bahrain,1987,5.7970
bahrain,1992,7.0420
bahrain,1997,7.0420
bahrain,2002,7.3240
bahrain,2007,5.8670
bahrain,2012,5.9740
bahrain,2014,5.9660
bangladesh,1962,59.790
bangladesh,1967,61.260
bangladesh,1972,63.260
bangladesh,1977,63.260
bangladesh,1982,63.170
bangladesh,1987,64.090
bangladesh,1992,60.280
bangladesh,1997,59.040
bangladesh,2002,58.960
bangladesh,2007,58.370
bangladesh,2012,57.390
bangladesh,2014,57.570
barbados,1962,39.530
barbados,1967,39.530
barbados,1972,39.530
barbados,1977,39.530
barbados,1982,39.530
barbados,1987,39.530
barbados,1992,39.530
barbados,1997,39.530
barbados,2002,34.880
barbados,2007,32.560
barbados,2012,27.910
barbados,2014,27.910
belarus,1992,30.160
belarus,1997,30.440
belarus,2002,27.640
belarus,2007,27.170
belarus,2012,27.180
belarus,2014,27.880
belgium,2002,27.940
belgium,2007,28.170
belgium,2012,27.020
belgium,2014,27.490
belize,1962,1.8280
belize,1967,1.9160
belize,1972,2.0030
belize,1977,2.1330
belize,1982,2.3070
belize,1987,2.7860
belize,1992,3.7880
belize,1997,4.2660
belize,2002,4.4410
belize,2007,4.4410
belize,2012,4.7890
belize,2014,4.7890
benin,1962,8.8880
benin,1967,10.020
benin,1972,11.890
benin,1977,13.200
benin,1982,14.290
benin,1987,14.810
benin,1992,15.210
benin,1997,20.390
benin,2002,24.530
benin,2007,24.310
benin,2012,27.450
benin,2014,27.880
bhutan,1962,2.4040
bhutan,1967,2.4260
bhutan,1972,2.6810
bhutan,1977,2.9150
bhutan,1982,3.2550
bhutan,1987,3.5110
bhutan,1992,3.2770
bhutan,1997,4.2910
bhutan,2002,3.2440
bhutan,2007,4.0640
bhutan,2012,2.9330
bhutan,2014,2.9330
bolivia_plurinational_state_of,1962,1.3130
bolivia_plurinational_state_of,1967,1.4460
bolivia_plurinational_state_of,1972,1.6110
bolivia_plurinational_state_of,1977,1.7780
bolivia_plurinational_state_of,1982,1.9440
bolivia_plurinational_state_of,1987,2.0270
bolivia_plurinational_state_of,1992,2.1220
bolivia_plurinational_state_of,1997,2.7700
bolivia_plurinational_state_of,2002,3.1680
bolivia_plurinational_state_of,2007,3.9960
bolivia_plurinational_state_of,2012,4.1840
bolivia_plurinational_state_of,2014,4.2820
bosnia_and_herzegovina,1992,19.530
bosnia_and_herzegovina,1997,19.820
bosnia_and_herzegovina,2002,21.340
bosnia_and_herzegovina,2007,21.810
bosnia_and_herzegovina,2012,21.640
bosnia_and_herzegovina,2014,21.810
botswana,1962,0.68760
botswana,1967,0.68930
botswana,1972,0.69100
botswana,1977,0.69100
botswana,1982,0.69790
botswana,1987,0.70480
botswana,1992,0.43150
botswana,1997,0.51740
botswana,2002,0.42290
botswana,2007,0.31630
botswana,2012,0.49340
botswana,2014,0.68930
brazil,1962,3.5480
brazil,1967,4.2500
brazil,1972,5.2060
brazil,1977,5.9830
brazil,1982,6.3570
brazil,1987,6.5050
brazil,1992,6.9280
brazil,1997,7.6680
brazil,2002,8.0870
brazil,2007,8.8820
brazil,2012,9.3480
brazil,2014,10.170
brunei_darussalam,1962,2.6000
brunei_darussalam,1967,2.9460
brunei_darussalam,1972,2.0800
brunei_darussalam,1977,1.5600
brunei_darussalam,1982,1.2130
brunei_darussalam,1987,1.2130
brunei_darussalam,1992,1.0400
brunei_darussalam,1997,1.0400
brunei_darussalam,2002,1.2130
brunei_darussalam,2007,1.3860
brunei_darussalam,2012,1.7330
brunei_darussalam,2014,1.9060
bulgaria,1962,40.890
bulgaria,1967,41.030
bulgaria,1972,40.630
bulgaria,1977,38.860
bulgaria,1982,37.390
bulgaria,1987,37.220
bulgaria,1992,39.010
bulgaria,1997,40.520
bulgaria,2002,32.280
bulgaria,2007,29.500
bulgaria,2012,31.320
bulgaria,2014,32.550
burkina_faso,1962,7.8370
burkina_faso,1967,8.0230
burkina_faso,1972,8.3950
burkina_faso,1977,9.6090
burkina_faso,1982,10.520
burkina_faso,1987,11.450
burkina_faso,1992,12.850
burkina_faso,1997,14.040
burkina_faso,2002,17.390
burkina_faso,2007,18.120
burkina_faso,2012,22.240
burkina_faso,2014,22.240
burundi,1962,33.420
burundi,1967,37.300
burundi,1972,41.900
burundi,1977,45.350
burundi,1982,44.920
burundi,1987,45.990
burundi,1992,46.710
burundi,1997,47.070
burundi,2002,48.540
burundi,2007,44.920
burundi,2012,52.100
burundi,2014,55.700
cabo_verde,1962,9.9260
cabo_verde,1967,9.9260
cabo_verde,1972,9.9260
cabo_verde,1977,9.9260
cabo_verde,1982,9.9260
cabo_verde,1987,9.9260
cabo_verde,1992,10.920
cabo_verde,1997,11.660
cabo_verde,2002,12.160
cabo_verde,2007,12.660
cabo_verde,2012,14.640
cabo_verde,2014,14.640
cambodia,1962,16.310
cambodia,1967,16.840
cambodia,1972,10.330
cambodia,1977,10.880
cambodia,1982,11.600
cambodia,1987,17.120
cambodia,1992,21.070
cambodia,1997,21.160
cambodia,2002,21.270
cambodia,2007,21.290
cambodia,2012,21.850
cambodia,2014,21.850
cameroon,1962,11.720
cameroon,1967,12.350
cameroon,1972,12.820
cameroon,1977,13.970
cameroon,1982,14.740
cameroon,1987,15.160
cameroon,1992,15.060
cameroon,1997,15.060
cameroon,2002,15.060
cameroon,2007,15.170
cameroon,2012,16.300
cameroon,2014,16.300
canada,1962,5.2420
canada,1967,5.1220
canada,1972,5.2830
canada,1977,4.9810
canada,1982,5.1090
canada,1987,5.2170
canada,1992,5.2000
canada,1997,5.2460
canada,2002,5.2200
canada,2007,5.0070
canada,2012,5.0920
canada,2014,5.0730
central_african_republic,1962,2.8060
central_african_republic,1967,2.8890
central_african_republic,1972,2.9700
central_african_republic,1977,3.0660
central_african_republic,1982,3.1460
central_african_republic,1987,3.2180
central_african_republic,1992,3.2420
central_african_republic,1997,3.2470
central_african_republic,2002,3.2490
central_african_republic,2007,3.2260
central_african_republic,2012,3.0180
central_african_republic,2014,3.0180
chad,1962,2.2590
chad,1967,2.2590
chad,1972,2.2590
chad,1977,2.4140
chad,1982,2.4530
chad,1987,2.4960
chad,1992,2.6250
chad,1997,2.8270
chad,2002,2.9050
chad,2007,3.3730
chad,2012,3.8430
chad,2014,3.8430
chile,1962,5.1000
chile,1967,5.2350
chile,1972,5.5550
chile,1977,5.6870
chile,1982,5.0260
chile,1987,4.3820
chile,1992,3.5790
chile,1997,3.0380
chile,2002,2.7310
chile,2007,2.2740
chile,2012,2.3010
chile,2014,2.3090
china,1962,10.940
china,1967,10.800
china,1972,10.600
china,1977,10.470
china,1982,11.030
china,1987,13.340
china,1992,13.710
china,1997,13.680
china,2002,13.180
china,2007,12.770
china,2012,12.760
china,2014,12.760
colombia,1962,4.3550
colombia,1967,4.3990
colombia,1972,4.4390
colombia,1977,4.5070
colombia,1982,4.5750
colombia,1987,4.6580
colombia,1992,4.2920
colombia,1997,3.7280
colombia,2002,3.2720
colombia,2007,3.1270
colombia,2012,3.0240
colombia,2014,3.1080
comoros,1962,42.990
comoros,1967,42.990
comoros,1972,42.990
comoros,1977,42.990
comoros,1982,45.670
comoros,1987,52.660
comoros,1992,53.730
comoros,1997,59.650
comoros,2002,64.480
comoros,2007,63.410
comoros,2012,63.410
comoros,2014,63.410
congo,1962,1.5790
congo,1967,1.5880
congo,1972,1.6080
congo,1977,1.6520
congo,1982,1.6200
congo,1987,1.5790
congo,1992,1.5350
congo,1997,1.5670
congo,2002,1.5790
congo,2007,1.6080
congo,2012,1.7600
congo,2014,1.8330
cook_islands,1962,25.000
cook_islands,1967,25.000
cook_islands,1972,25.000
cook_islands,1977,25.000
cook_islands,1982,25.000
cook_islands,1987,25.000
cook_islands,1992,20.830
cook_islands,1997,20.830
cook_islands,2002,14.920
cook_islands,2007,9.0830
cook_islands,2012,6.2500
cook_islands,2014,6.2500
costa_rica,1962,9.4910
costa_rica,1967,9.5110
costa_rica,1972,9.7260
costa_rica,1977,9.7260
costa_rica,1982,10.020
costa_rica,1987,10.290
costa_rica,1992,9.9800
costa_rica,1997,9.5890
costa_rica,2002,9.5890
costa_rica,2007,9.7850
costa_rica,2012,10.700
costa_rica,2014,10.690
cote_d_ivoire,1962,8.9310
cote_d_ivoire,1967,9.7690
cote_d_ivoire,1972,10.260
cote_d_ivoire,1977,12.650
cote_d_ivoire,1982,13.920
cote_d_ivoire,1987,16.750
cote_d_ivoire,1992,19.230
cote_d_ivoire,1997,20.780
cote_d_ivoire,2002,20.470
cote_d_ivoire,2007,22.950
cote_d_ivoire,2012,22.950
cote_d_ivoire,2014,22.950
croatia,1992,23.430
croatia,1997,19.570
croatia,2002,16.410
croatia,2007,16.470
croatia,2012,17.410
croatia,2014,15.740
cuba,1962,15.520
cuba,1967,17.490
cuba,1972,27.350
cuba,1977,30.310
cuba,1982,30.940
cuba,1987,33.940
cuba,1992,37.080
cuba,1997,38.070
cuba,2002,38.560
cuba,2007,36.320
cuba,2012,32.350
cuba,2014,31.990
cyprus,1962,42.920
cyprus,1967,42.810
cyprus,1972,42.050
cyprus,1977,18.650
cyprus,1982,19.240
cyprus,1987,17.020
cyprus,1992,16.820
cyprus,1997,15.250
cyprus,2002,15.030
cyprus,2007,15.710
cyprus,2012,12.360
cyprus,2014,11.490
czechia,1997,42.180
czechia,2002,41.890
czechia,2007,41.470
czechia,2012,40.990
czechia,2014,40.810
democratic_people_s_republic_of_korea,1962,19.330
democratic_people_s_republic_of_korea,1967,19.330
democratic_people_s_republic_of_korea,1972,19.330
democratic_people_s_republic_of_korea,1977,19.740
democratic_people_s_republic_of_korea,1982,20.450
democratic_people_s_republic_of_korea,1987,20.450
democratic_people_s_republic_of_korea,1992,20.570
democratic_people_s_republic_of_korea,1997,20.740
democratic_people_s_republic_of_korea,2002,20.740
democratic_people_s_republic_of_korea,2007,21.150
democratic_people_s_republic_of_korea,2012,21.400
democratic_people_s_republic_of_korea,2014,21.400
democratic_republic_of_the_congo,1962,2.9720
democratic_republic_of_the_congo,1967,3.0280
democratic_republic_of_the_congo,1972,3.1350
democratic_republic_of_the_congo,1977,3.2110
democratic_republic_of_the_congo,1982,3.2710
democratic_republic_of_the_congo,1987,3.3480
democratic_republic_of_the_congo,1992,3.3690
democratic_republic_of_the_congo,1997,3.2410
democratic_republic_of_the_congo,2002,3.1770
democratic_republic_of_the_congo,2007,3.1770
democratic_republic_of_the_congo,2012,3.4120
democratic_republic_of_the_congo,2014,3.4120
denmark,1962,64.590
denmark,1967,62.660
denmark,1972,61.870
denmark,1977,61.450
denmark,1982,61.360
denmark,1987,60.060
denmark,1992,59.130
denmark,1997,55.070
denmark,2002,52.980
denmark,2007,53.680
denmark,2012,56.520
denmark,2014,56.760
djibouti,1962,0.043100
djibouti,1967,0.043100
djibouti,1972,0.043100
djibouti,1977,0.043100
djibouti,1982,0.043100
djibouti,1987,0.043100
djibouti,1992,0.043100
djibouti,1997,0.043100
djibouti,2002,0.043100
djibouti,2007,0.064700
djibouti,2012,0.086200
djibouti,2014,0.086200
dominica,1962,21.330
dominica,1967,22.670
dominica,1972,22.670
dominica,1977,22.670
dominica,1982,22.670
dominica,1987,22.670
dominica,1992,21.330
dominica,1997,20.000
dominica,2002,26.670
dominica,2007,26.670
dominica,2012,30.670
dominica,2014,30.670
dominican_republic,1962,20.650
dominican_republic,1967,22.190
dominican_republic,1972,24.040
dominican_republic,1977,27.530
dominican_republic,1982,29.380
dominican_republic,1987,29.530
dominican_republic,1992,27.660
dominican_republic,1997,26.710
dominican_republic,2002,27.080
dominican_republic,2007,25.070
dominican_republic,2012,23.730
dominican_republic,2014,23.730
ecuador,1962,8.8520
ecuador,1967,8.9580
ecuador,1972,9.0810
ecuador,1977,8.9400
ecuador,1982,8.9580
ecuador,1987,10.000
ecuador,1992,10.650
ecuador,1997,10.590
ecuador,2002,10.140
ecuador,2007,9.4200
ecuador,2012,9.8720
ecuador,2014,9.6700
egypt,1962,2.5010
egypt,1967,2.7970
egypt,1972,2.8510
egypt,1977,2.6310
egypt,1982,2.4410
egypt,1987,2.5430
egypt,1992,2.9920
egypt,1997,3.2400
egypt,2002,3.4190
egypt,2007,3.5330
egypt,2012,3.6910
egypt,2014,3.7400
el_salvador,1962,30.800
el_salvador,1967,29.990
el_salvador,1972,31.890
el_salvador,1977,33.220
el_salvador,1982,34.740
el_salvador,1987,36.930
el_salvador,1992,40.450
el_salvador,1997,38.780
el_salvador,2002,44.440
el_salvador,2007,41.210
el_salvador,2012,44.440
el_salvador,2014,45.870
equatorial_guinea,1962,7.6650
equatorial_guinea,1967,8.0210
equatorial_guinea,1972,8.2000
equatorial_guinea,1977,8.2000
equatorial_guinea,1982,8.2000
equatorial_guinea,1987,8.2000
equatorial_guinea,1992,8.2000
equatorial_guinea,1997,8.2000
equatorial_guinea,2002,7.8430
equatorial_guinea,2007,7.4870
equatorial_guinea,2012,6.4170
equatorial_guinea,2014,6.4170
eritrea,1997,3.3420
eritrea,2002,4.8040
eritrea,2007,5.7140
eritrea,2012,5.8840
eritrea,2014,5.8840
estonia,1992,24.920
estonia,1997,19.900
estonia,2002,13.960
estonia,2007,13.430
estonia,2012,13.870
estonia,2014,14.470
ethiopia,1997,9.5010
ethiopia,2002,9.5060
ethiopia,2007,13.650
ethiopia,2012,14.930
ethiopia,2014,14.720
faroe_islands,1962,2.1490
faroe_islands,1967,2.1490
faroe_islands,1972,2.1490
faroe_islands,1977,2.1490
faroe_islands,1982,2.1490
faroe_islands,1987,2.1490
faroe_islands,1992,2.1490
faroe_islands,1997,2.1490
faroe_islands,2002,2.1490
faroe_islands,2007,2.1490
faroe_islands,2012,2.1490
faroe_islands,2014,2.1490
fiji,1962,8.4290
fiji,1967,8.1010
fiji,1972,8.2100
fiji,1977,9.0310
fiji,1982,9.8520
fiji,1987,11.490
fiji,1992,14.230
fiji,1997,14.500
fiji,2002,13.850
fiji,2007,13.790
fiji,2012,13.680
fiji,2014,13.680
finland,1962,7.9250
finland,1967,8.1120
finland,1972,7.2870
finland,1977,7.1600
finland,1982,6.8850
finland,1987,6.7460
finland,1992,6.7600
finland,1997,6.2960
finland,2002,6.5330
finland,2007,6.6810
finland,2012,6.6570
finland,2014,6.6010
france,1962,38.830
france,1967,36.090
france,1972,33.930
france,1977,34.300
france,1982,34.640
france,1987,35.440
france,1992,34.700
france,1997,35.370
france,2002,35.510
france,2007,35.250
france,2012,35.120
france,2014,35.200
gabon,1962,0.59780
gabon,1967,0.87790
gabon,1972,1.1770
gabon,1977,1.5950
gabon,1982,1.6890
gabon,1987,1.6890
gabon,1992,1.7190
gabon,1997,1.8490
gabon,2002,1.8490
gabon,2007,1.8490
gabon,2012,1.8490
gabon,2014,1.8490
gambia,1962,11.060
gambia,1967,11.590
gambia,1972,12.570
gambia,1977,15.400
gambia,1982,18.230
gambia,1987,16.730
gambia,1992,14.780
gambia,1997,18.580
gambia,2002,25.220
gambia,2007,27.260
gambia,2012,39.380
gambia,2014,39.380
georgia,1992,16.200
georgia,1997,15.250
georgia,2002,15.270
georgia,2007,8.2780
georgia,2012,7.5320
georgia,2014,8.8520
germany,1962,35.550
germany,1967,35.090
germany,1972,34.860
germany,1977,35.190
germany,1982,34.920
germany,1987,34.710
germany,1992,32.800
germany,1997,33.780
germany,2002,33.600
germany,2007,33.810
germany,2012,33.690
germany,2014,33.780
ghana,1962,13.830
ghana,1967,13.830
ghana,1972,13.830
ghana,1977,14.670
ghana,1982,15.930
ghana,1987,16.770
ghana,1992,18.110
ghana,1997,22.220
ghana,2002,26.540
ghana,2007,29.760
ghana,2012,31.020
ghana,2014,31.020
greece,1962,28.050
greece,1967,29.360
greece,1972,29.630
greece,1977,29.230
greece,1982,29.940
greece,1987,29.720
greece,1992,29.870
greece,1997,29.440
greece,2002,29.150
greece,2007,28.050
greece,2012,27.860
greece,2014,28.230
grenada,1962,55.880
grenada,1967,55.880
grenada,1972,52.940
grenada,1977,52.940
grenada,1982,44.120
grenada,1987,35.290
grenada,1992,32.350
grenada,1997,29.410
grenada,2002,35.290
grenada,2007,17.650
grenada,2012,20.590
grenada,2014,20.590
guatemala,1962,14.120
guatemala,1967,14.310
guatemala,1972,14.510
guatemala,1977,15.820
guatemala,1982,16.380
guatemala,1987,16.390
guatemala,1992,16.390
guatemala,1997,17.630
guatemala,2002,18.600
guatemala,2007,23.020
guatemala,2012,19.170
guatemala,2014,18.320
guinea,1962,15.940
guinea,1967,15.460
guinea,1972,14.970
guinea,1977,14.530
guinea,1982,14.130
guinea,1987,13.720
guinea,1992,13.650
guinea,1997,12.610
guinea,2002,12.360
guinea,2007,14.150
guinea,2012,15.050
guinea,2014,15.460
guinea_bissau,1962,7.6940
guinea_bissau,1967,7.9710
guinea_bissau,1972,7.9710
guinea_bissau,1977,8.2760
guinea_bissau,1982,8.9400
guinea_bissau,1987,9.1340
guinea_bissau,1992,10.160
guinea_bissau,1997,12.650
guinea_bissau,2002,14.640
guinea_bissau,2007,14.670
guinea_bissau,2012,15.220
guinea_bissau,2014,15.220
guyana,1962,1.6750
guyana,1967,1.6980
guyana,1972,1.7440
guyana,1977,2.0330
guyana,1982,2.3030
guyana,1987,2.3260
guyana,1992,2.3450
guyana,1997,2.3450
guyana,2002,2.2240
guyana,2007,2.0840
guyana,2012,2.0840
guyana,2014,2.0930
haiti,1962,41.980
haiti,1967,42.880
haiti,1972,39.060
haiti,1977,39.100
haiti,1982,39.640
haiti,1987,39.640
haiti,1992,38.920
haiti,1997,43.240
haiti,2002,42.520
haiti,2007,47.930
haiti,2012,46.130
haiti,2014,48.650
honduras,1962,13.250
honduras,1967,13.560
honduras,1972,14.050
honduras,1977,15.510
honduras,1982,15.730
honduras,1987,15.870
honduras,1992,16.490
honduras,1997,16.670
honduras,2002,12.690
honduras,2007,12.980
honduras,2012,13.110
honduras,2014,13.110
hungary,1962,60.430
hungary,1967,60.480
hungary,1972,59.820
hungary,1977,58.280
hungary,1982,56.960
hungary,1987,56.850
hungary,1992,53.450
hungary,1997,54.250
hungary,2002,51.450
hungary,2007,51.490
hungary,2012,49.220
hungary,2014,49.290
iceland,1962,1.1650
iceland,1967,1.1650
iceland,1972,1.1940
iceland,1977,1.2520
iceland,1982,1.3010
iceland,1987,1.3110
iceland,1992,1.3200
iceland,1997,1.2910
iceland,2002,1.2520
iceland,2007,1.2140
iceland,2012,1.1770
iceland,2014,1.1770
india,1962,49.400
india,1967,49.830
india,1972,50.190
india,1977,50.820
india,1982,51.330
india,1987,51.630
india,1992,51.720
india,1997,51.750
india,2002,51.720
india,2007,51.470
india,2012,51.520
india,2014,51.520
indonesia,1962,13.610
indonesia,1967,13.610
indonesia,1972,13.610
indonesia,1977,13.610
indonesia,1982,13.610
indonesia,1987,16.040
indonesia,1992,15.460
indonesia,1997,16.930
indonesia,2002,19.400
indonesia,2007,21.980
indonesia,2012,23.810
indonesia,2014,24.070
iran_islamic_republic_of,1962,8.7610
iran_islamic_republic_of,1967,8.9100
iran_islamic_republic_of,1972,9.6270
iran_islamic_republic_of,1977,8.9920
iran_islamic_republic_of,1982,8.5190
iran_islamic_republic_of,1987,9.4720
iran_islamic_republic_of,1992,10.480
iran_islamic_republic_of,1997,10.220
iran_islamic_republic_of,2002,9.9960
iran_islamic_republic_of,2007,10.630
iran_islamic_republic_of,2012,9.6090
iran_islamic_republic_of,2014,9.4410
iraq,1962,10.850
iraq,1967,11.360
iraq,1972,11.770
iraq,1977,12.060
iraq,1982,12.430
iraq,1987,12.500
iraq,1992,12.660
iraq,1997,10.630
iraq,2002,11.040
iraq,2007,11.730
iraq,2012,10.500
iraq,2014,12.110
ireland,1962,22.340
ireland,1967,20.300
ireland,1972,19.000
ireland,1977,16.860
ireland,1982,15.080
ireland,1987,13.990
ireland,1992,14.310
ireland,1997,14.770
ireland,2002,16.780
ireland,2007,15.130
ireland,2012,16.660
ireland,2014,15.070
israel,1962,17.720
israel,1967,18.620
israel,1972,18.620
israel,1977,18.710
israel,1982,19.030
israel,1987,19.390
israel,1992,19.570
israel,1997,18.990
israel,2002,19.620
israel,2007,17.270
israel,2012,17.500
israel,2014,18.020
italy,1962,51.670
italy,1967,50.480
italy,1972,40.830
italy,1977,40.930
italy,1982,41.200
italy,1987,40.050
italy,1992,38.590
italy,1997,36.420
italy,2002,36.150
italy,2007,32.200
italy,2012,31.720
italy,2014,30.270
jamaica,1962,25.110
jamaica,1967,23.660
jamaica,1972,22.750
jamaica,1977,22.750
jamaica,1982,20.930
jamaica,1987,20.020
jamaica,1992,21.470
jamaica,1997,23.660
jamaica,2002,22.290
jamaica,2007,21.380
jamaica,2012,19.560
jamaica,2014,19.560
japan,1962,15.930
japan,1967,15.720
japan,1972,15.040
japan,1977,14.600
japan,1982,14.360
japan,1987,14.130
japan,1992,13.670
japan,1997,13.100
japan,2002,12.600
japan,2007,12.300
japan,2012,12.040
japan,2014,11.960
jordan,1962,3.3340
jordan,1967,3.4580
jordan,1972,3.5930
jordan,1977,3.6950
jordan,1982,3.7630
jordan,1987,4.1110
jordan,1992,3.7140
jordan,1997,3.0410
jordan,2002,3.1880
jordan,2007,2.4930
jordan,2012,3.3910
jordan,2014,3.6050
kazakhstan,1992,12.920
kazakhstan,1997,12.000
kazakhstan,2002,10.450
kazakhstan,2007,10.550
kazakhstan,2012,10.810
kazakhstan,2014,10.840
kenya,1962,6.7280
kenya,1967,6.7720
kenya,1972,6.8150
kenya,1977,7.3750
kenya,1982,7.3750
kenya,1987,8.8480
kenya,1992,9.9450
kenya,1997,9.1220
kenya,2002,9.5080
kenya,2007,9.9420
kenya,2012,11.080
kenya,2014,10.910
kiribati,1962,48.150
kiribati,1967,46.910
kiribati,1972,46.910
kiribati,1977,46.910
kiribati,1982,46.910
kiribati,1987,48.150
kiribati,1992,48.150
kiribati,1997,45.680
kiribati,2002,41.980
kiribati,2007,41.980
kiribati,2012,41.980
kiribati,2014,41.980
kuwait,1962,0.056100
kuwait,1967,0.056100
kuwait,1972,0.056100
kuwait,1977,0.056100
kuwait,1982,0.11220
kuwait,1987,0.22450
kuwait,1992,0.28060
kuwait,1997,0.39280
kuwait,2002,0.84180
kuwait,2007,0.84180
kuwait,2012,0.89790
kuwait,2014,0.90350
kyrgyzstan,1992,6.9420
kyrgyzstan,1997,7.1320
kyrgyzstan,2002,7.0570
kyrgyzstan,2007,6.7670
kyrgyzstan,2012,6.7620
kyrgyzstan,2014,6.7820
lao_people_s_democratic_republic,1962,2.7450
lao_people_s_democratic_republic,1967,2.7870
lao_people_s_democratic_republic,1972,3.0070
lao_people_s_democratic_republic,1977,3.3360
lao_people_s_democratic_republic,1982,3.4500
lao_people_s_democratic_republic,1987,3.5470
lao_people_s_democratic_republic,1992,3.6490
lao_people_s_democratic_republic,1997,3.9270
lao_people_s_democratic_republic,2002,4.6280
lao_people_s_democratic_republic,2007,5.6500
lao_people_s_democratic_republic,2012,6.8370
lao_people_s_democratic_republic,2014,7.1540
latvia,1992,26.490
latvia,1997,16.950
latvia,2002,15.260
latvia,2007,18.560
latvia,2012,18.360
latvia,2014,18.840
lebanon,1962,25.840
lebanon,1967,29.280
lebanon,1972,32.060
lebanon,1977,31.100
lebanon,1982,28.520
lebanon,1987,29.090
lebanon,1992,29.280
lebanon,1997,30.810
lebanon,2002,25.930
lebanon,2007,26.520
lebanon,2012,24.690
lebanon,2014,24.690
lesotho,1962,11.730
lesotho,1967,11.960
lesotho,1972,11.820
lesotho,1977,9.6180
lesotho,1982,9.6180
lesotho,1987,10.870
lesotho,1992,11.070
lesotho,1997,10.840
lesotho,2002,10.010
lesotho,2007,10.840
lesotho,2012,9.3970
lesotho,2014,9.1340
liberia,1962,5.2170
liberia,1967,5.1630
liberia,1972,5.1270
liberia,1977,5.1720
liberia,1982,5.2080
liberia,1987,5.4140
liberia,1992,4.4900
liberia,1997,4.6690
liberia,2002,5.4770
liberia,2007,5.5220
liberia,2012,6.3750
liberia,2014,6.2850
libya,1962,1.1270
libya,1967,1.1400
libya,1972,1.1580
libya,1977,1.1740
libya,1982,1.1890
libya,1987,1.2160
libya,1992,1.2300
libya,1997,1.3450
libya,2002,1.2220
libya,2007,1.1850
libya,2012,1.1680
libya,2014,1.1650
liechtenstein,1962,25.000
liechtenstein,1967,25.000
liechtenstein,1972,25.000
liechtenstein,1977,25.000
liechtenstein,1982,25.000
liechtenstein,1987,25.000
liechtenstein,1992,25.000
liechtenstein,1997,25.000
liechtenstein,2002,24.380
liechtenstein,2007,23.750
liechtenstein,2012,18.750
liechtenstein,2014,14.500
lithuania,1992,44.850
lithuania,1997,44.730
lithuania,2002,25.760
lithuania,2007,28.580
lithuania,2012,35.100
lithuania,2014,36.510
luxembourg,2002,24.320
luxembourg,2007,24.320
luxembourg,2012,24.760
luxembourg,2014,24.770
madagascar,1962,3.6970
madagascar,1967,3.9090
madagascar,1972,4.1220
madagascar,1977,4.9890
madagascar,1982,5.2810
madagascar,1987,5.5190
madagascar,1992,5.7410
madagascar,1997,5.9450
madagascar,2002,6.0470
madagascar,2007,6.1320
madagascar,2012,7.0150
madagascar,2014,7.0150
malawi,1962,12.320
malawi,1967,14.900
malawi,1972,17.450
malawi,1977,17.510
malawi,1982,18.480
malawi,1987,19.160
malawi,1992,20.510
malawi,1997,21.780
malawi,2002,25.150
malawi,2007,26.460
malawi,2012,32.790
malawi,2014,33.250
malaysia,1962,8.9630
malaysia,1967,10.380
malaysia,1972,11.760
malaysia,1977,13.130
malaysia,1982,14.810
malaysia,1987,17.940
malaysia,1992,19.970
malaysia,1997,20.470
malaysia,2002,20.280
malaysia,2007,20.950
malaysia,2012,22.520
malaysia,2014,22.840
maldives,1962,13.330
maldives,1967,13.330
maldives,1972,16.670
maldives,1977,20.000
maldives,1982,23.330
maldives,1987,23.330
maldives,1992,23.330
maldives,1997,23.330
maldives,2002,36.670
maldives,2007,23.330
maldives,2012,23.000
maldives,2014,23.000
mali,1962,1.3730
mali,1967,1.3930
mali,1972,1.4340
mali,1977,1.6730
mali,1982,1.6800
mali,1987,1.6980
mali,1992,1.8060
mali,1997,3.7490
mali,2002,4.0680
mali,2007,4.8040
mali,2012,5.6530
mali,2014,5.2900
malta,1962,53.120
malta,1967,43.750
malta,1972,43.750
malta,1977,43.750
malta,1982,40.620
malta,1987,40.620
malta,1992,40.620
malta,1997,31.250
malta,2002,31.250
malta,2007,29.060
malta,2012,32.190
malta,2014,31.970
marshall_islands,1962,51.660
marshall_islands,1967,51.660
marshall_islands,1972,48.480
marshall_islands,1977,48.480
marshall_islands,1982,49.490
marshall_islands,1987,49.490
marshall_islands,1992,50.000
marshall_islands,1997,50.000
marshall_islands,2002,50.000
marshall_islands,2007,55.560
marshall_islands,2012,50.000
marshall_islands,2014,47.220
mauritania,1962,0.26390
mauritania,1967,0.26490
mauritania,1972,0.23580
mauritania,1977,0.19400
mauritania,1982,0.24640
mauritania,1987,0.33470
mauritania,1992,0.41530
mauritania,1997,0.48510
mauritania,2002,0.39970
mauritania,2007,0.39880
mauritania,2012,0.39880
mauritania,2014,0.44730
mauritius,1962,45.590
mauritius,1967,48.040
mauritius,1972,51.960
mauritius,1977,52.450
mauritius,1982,52.450
mauritius,1987,52.450
mauritius,1992,50.000
mauritius,1997,46.570
mauritius,2002,45.590
mauritius,2007,41.670
mauritius,2012,39.220
mauritius,2014,38.730
mexico,1962,10.530
mexico,1967,10.350
mexico,1972,9.7790
mexico,1977,9.8790
mexico,1982,10.080
mexico,1987,10.930
mexico,1992,12.600
mexico,1997,12.820
mexico,2002,13.090
mexico,2007,13.310
mexico,2012,13.140
mexico,2014,13.070
micronesia_federated_states_of,1962,28.610
micronesia_federated_states_of,1967,28.610
micronesia_federated_states_of,1972,26.890
micronesia_federated_states_of,1977,26.890
micronesia_federated_states_of,1982,27.530
micronesia_federated_states_of,1987,27.530
micronesia_federated_states_of,1992,27.860
micronesia_federated_states_of,1997,27.860
micronesia_federated_states_of,2002,27.860
micronesia_federated_states_of,2007,27.860
micronesia_federated_states_of,2012,27.140
micronesia_federated_states_of,2014,27.140
mongolia,1962,0.46290
mongolia,1967,0.52360
mongolia,1972,0.49610
mongolia,1977,0.70330
mongolia,1982,0.79980
mongolia,1987,0.85350
mongolia,1992,0.87140
mongolia,1997,0.78510
mongolia,2002,0.48460
mongolia,2007,0.45070
mongolia,2012,0.41620
mongolia,2014,0.36580
montenegro,2007,13.760
montenegro,2012,13.690
montenegro,2014,0.99490
morocco,1962,15.630
morocco,1967,16.430
morocco,1972,16.950
morocco,1977,17.690
morocco,1982,18.540
morocco,1987,19.630
morocco,1992,21.760
morocco,1997,22.160
morocco,2002,20.790
morocco,2007,20.060
morocco,2012,21.060
morocco,2014,21.480
mozambique,1962,3.3280
mozambique,1967,3.4030
mozambique,1972,3.7880
mozambique,1977,3.8780
mozambique,1982,4.0410
mozambique,1987,4.4160
mozambique,1992,4.6910
mozambique,1997,5.1730
mozambique,2002,5.8800
mozambique,2007,6.8180
mozambique,2012,7.4430
mozambique,2014,7.4430
myanmar,1962,14.990
myanmar,1967,15.350
myanmar,1972,15.430
myanmar,1977,14.770
myanmar,1982,14.900
myanmar,1987,14.870
myanmar,1992,14.840
myanmar,1997,15.010
myanmar,2002,15.680
myanmar,2007,17.260
myanmar,2012,18.090
myanmar,2014,18.240
namibia,1962,0.77890
namibia,1967,0.78730
namibia,1972,0.79220
namibia,1977,0.79460
namibia,1982,0.79700
namibia,1987,0.80310
namibia,1992,0.80310
namibia,1997,0.99480
namibia,2002,0.99480
namibia,2007,0.98020
namibia,2012,0.98150
namibia,2014,0.98150
nauru,1962,15.000
nauru,1967,20.000
nauru,1972,20.000
nauru,1977,20.000
nauru,1982,20.000
nauru,1987,20.000
nauru,1992,20.000
nauru,1997,20.000
nauru,2002,20.000
nauru,2007,20.000
nauru,2012,20.000
nauru,2014,20.000
nepal,1962,12.440
nepal,1967,12.540
nepal,1972,14.150
nepal,1977,15.310
nepal,1982,15.770
nepal,1987,15.890
nepal,1992,16.070
nepal,1997,16.480
nepal,2002,16.680
nepal,2007,16.140
nepal,2012,15.800
nepal,2014,15.800
netherlands,1962,24.130
netherlands,1967,22.200
netherlands,1972,19.360
netherlands,1977,19.500
netherlands,1982,19.740
netherlands,1987,21.430
netherlands,1992,22.200
netherlands,1997,22.510
netherlands,2002,22.850
netherlands,2007,26.340
netherlands,2012,25.200
netherlands,2014,26.020
new_zealand,1962,11.260
new_zealand,1967,11.220
new_zealand,1972,11.140
new_zealand,1977,10.330
new_zealand,1982,9.6340
new_zealand,1987,9.9360
new_zealand,1992,7.9190
new_zealand,1997,5.9880
new_zealand,2002,1.9950
new_zealand,2007,1.8680
new_zealand,2012,2.1680
new_zealand,2014,2.4540
nicaragua,1962,9.0510
nicaragua,1967,9.2050
nicaragua,1972,9.2810
nicaragua,1977,9.4350
nicaragua,1982,10.190
nicaragua,1987,11.040
nicaragua,1992,11.700
nicaragua,1997,15.190
nicaragua,2002,17.400
nicaragua,2007,16.070
nicaragua,2012,14.020
nicaragua,2014,13.730
niger,1962,9.0770
niger,1967,9.0770
niger,1972,8.8220
niger,1977,7.7190
niger,1982,7.7820
niger,1987,7.5070
niger,1992,10.260
niger,1997,11.050
niger,2002,11.050
niger,2007,11.840
niger,2012,12.630
niger,2014,12.630
nigeria,1962,30.200
nigeria,1967,34.870
nigeria,1972,31.560
nigeria,1977,25.780
nigeria,1982,22.330
nigeria,1987,34.080
nigeria,1992,37.350
nigeria,1997,41.680
nigeria,2002,43.630
nigeria,2007,46.980
nigeria,2012,45.140
nigeria,2014,43.840
niue,1962,11.540
niue,1967,11.540
niue,1972,11.540
niue,1977,15.380
niue,1982,14.620
niue,1987,14.620
niue,1992,14.620
niue,1997,14.620
niue,2002,14.620
niue,2007,15.380
niue,2012,15.380
niue,2014,15.380
norway,1962,2.2200
norway,1967,2.1940
norway,1972,2.0640
norway,1977,2.0770
norway,1982,2.1830
norway,1987,2.2560
norway,1992,2.2920
norway,1997,2.3420
norway,2002,2.2920
norway,2007,2.2260
norway,2012,2.1190
norway,2014,2.1060
occupied_palestinian_territory,1962,33.550
occupied_palestinian_territory,1967,34.050
occupied_palestinian_territory,1972,34.390
occupied_palestinian_territory,1977,35.550
occupied_palestinian_territory,1982,37.040
occupied_palestinian_territory,1987,37.380
occupied_palestinian_territory,1992,36.540
occupied_palestinian_territory,1997,36.540
occupied_palestinian_territory,2002,36.540
occupied_palestinian_territory,2007,33.800
occupied_palestinian_territory,2012,20.270
occupied_palestinian_territory,2014,24.580
oman,1962,0.11310
oman,1967,0.12280
oman,1972,0.14220
oman,1977,0.15830
oman,1982,0.16480
oman,1987,0.22620
oman,1992,0.26820
oman,1997,0.22620
oman,2002,0.23720
oman,2007,0.21000
oman,2012,0.23520
oman,2014,0.22230
pakistan,1962,38.740
pakistan,1967,40.790
pakistan,1972,38.320
pakistan,1977,38.830
pakistan,1982,42.090
pakistan,1987,39.780
pakistan,1992,38.160
pakistan,1997,39.780
pakistan,2002,40.050
pakistan,2007,38.960
pakistan,2012,39.020
pakistan,2014,39.260
palau,1962,6.2390
palau,1967,6.2390
palau,1972,5.9280
palau,1977,5.9280
palau,1982,6.3240
palau,1987,6.3240
palau,1992,6.5220
palau,1997,6.5220
palau,2002,6.5220
palau,2007,6.5220
palau,2012,6.5220
palau,2014,6.5220
panama,1962,7.4780
panama,1967,7.2790
panama,1972,7.2000
panama,1977,7.2790
panama,1982,7.6110
panama,1987,8.1540
panama,1992,8.7510
panama,1997,8.7910
panama,2002,9.3870
panama,2007,9.4800
panama,2012,9.9180
panama,2014,9.9180
papua_new_guinea,1962,0.91820
papua_new_guinea,1967,1.0480
papua_new_guinea,1972,1.2510
papua_new_guinea,1977,1.3590
papua_new_guinea,1982,1.4480
papua_new_guinea,1987,1.5690
papua_new_guinea,1992,1.6030
papua_new_guinea,1997,1.7000
papua_new_guinea,2002,1.7720
papua_new_guinea,2007,1.8360
papua_new_guinea,2012,2.1610
papua_new_guinea,2014,2.1610
paraguay,1962,2.0210
paraguay,1967,2.2640
paraguay,1972,2.2570
paraguay,1977,3.4030
paraguay,1982,4.6540
paraguay,1987,5.1330
paraguay,1992,5.8640
paraguay,1997,6.6010
paraguay,2002,8.1330
paraguay,2007,9.1950
paraguay,2012,11.060
paraguay,2014,12.010
peru,1962,1.6330
peru,1967,2.0490
peru,1972,2.4450
peru,1977,2.6560
peru,1982,2.8210
peru,1987,2.9490
peru,1992,3.1430
peru,1997,3.7210
peru,2002,3.7250
peru,2007,4.0350
peru,2012,4.3070
peru,2014,4.3040
philippines,1962,23.270
philippines,1967,24.870
philippines,1972,25.330
philippines,1977,30.330
philippines,1982,32.130
philippines,1987,32.730
philippines,1992,32.780
philippines,1997,32.950
philippines,2002,32.120
philippines,2007,34.300
philippines,2012,36.430
philippines,2014,36.470
poland,1962,51.390
poland,1967,49.630
poland,1972,48.440
poland,1977,48.180
poland,1982,47.400
poland,1987,47.390
poland,1992,47.010
poland,1997,45.800
poland,2002,42.650
poland,2007,39.010
poland,2012,36.210
poland,2014,36.150
portugal,1962,33.030
portugal,1967,33.360
portugal,1972,33.680
portugal,1977,33.960
portugal,1982,34.160
portugal,1987,34.340
portugal,1992,33.000
portugal,1997,28.120
portugal,2002,25.830
portugal,2007,20.400
portugal,2012,20.130
portugal,2014,20.440
puerto_rico,1962,33.030
puerto_rico,1967,28.180
puerto_rico,1972,20.860
puerto_rico,1977,18.150
puerto_rico,1982,14.880
puerto_rico,1987,14.430
puerto_rico,1992,11.160
puerto_rico,1997,9.1320
puerto_rico,2002,12.180
puerto_rico,2007,11.490
puerto_rico,2012,12.410
puerto_rico,2014,12.510
qatar,1962,0.086100
qatar,1967,0.086100
qatar,1972,0.086100
qatar,1977,0.17230
qatar,1982,0.60290
qatar,1987,0.94750
qatar,1992,1.2060
qatar,1997,1.3780
qatar,2002,1.2490
qatar,2007,1.3440
qatar,2012,1.3370
qatar,2014,1.3440
republic_of_korea,1962,20.780
republic_of_korea,1967,23.290
republic_of_korea,1972,22.590
republic_of_korea,1977,22.480
republic_of_korea,1982,21.960
republic_of_korea,1987,21.590
republic_of_korea,1992,20.850
republic_of_korea,1997,19.380
republic_of_korea,2002,18.710
republic_of_korea,2007,17.870
republic_of_korea,2012,17.270
republic_of_korea,2014,16.860
republic_of_moldova,1992,65.230
republic_of_moldova,1997,64.600
republic_of_moldova,2002,63.360
republic_of_moldova,2007,62.780
republic_of_moldova,2012,62.300
republic_of_moldova,2014,62.300
romania,1962,44.010
romania,1967,44.150
romania,1972,44.000
romania,1977,44.190
romania,1982,44.150
romania,1987,44.830
romania,1992,41.780
romania,1997,41.520
romania,2002,41.360
romania,2007,38.320
romania,2012,38.780
romania,2014,38.600
russian_federation,1992,7.8200
russian_federation,1997,7.5670
russian_federation,2002,7.3280
russian_federation,2007,7.2150
russian_federation,2012,7.0970
russian_federation,2014,7.2940
rwanda,1962,23.730
rwanda,1967,25.630
rwanda,1972,30.680
rwanda,1977,36.640
rwanda,1982,40.810
rwanda,1987,43.360
rwanda,1992,45.060
rwanda,1997,39.860
rwanda,2002,51.860
rwanda,2007,51.820
rwanda,2012,53.190
rwanda,2014,53.150
saint_kitts_and_nevis,1962,45.710
saint_kitts_and_nevis,1967,45.710
saint_kitts_and_nevis,1972,40.000
saint_kitts_and_nevis,1977,40.000
saint_kitts_and_nevis,1982,50.000
saint_kitts_and_nevis,1987,42.310
saint_kitts_and_nevis,1992,38.460
saint_kitts_and_nevis,1997,26.920
saint_kitts_and_nevis,2002,27.310
saint_kitts_and_nevis,2007,15.730
saint_kitts_and_nevis,2012,19.620
saint_kitts_and_nevis,2014,19.620
saint_lucia,1962,22.580
saint_lucia,1967,25.810
saint_lucia,1972,27.420
saint_lucia,1977,27.420
saint_lucia,1982,29.030
saint_lucia,1987,30.650
saint_lucia,1992,28.550
saint_lucia,1997,24.840
saint_lucia,2002,19.190
saint_lucia,2007,15.000
saint_lucia,2012,16.130
saint_lucia,2014,16.130
saint_vincent_and_the_grenadines,1962,23.080
saint_vincent_and_the_grenadines,1967,25.640
saint_vincent_and_the_grenadines,1972,25.640
saint_vincent_and_the_grenadines,1977,23.080
saint_vincent_and_the_grenadines,1982,23.080
saint_vincent_and_the_grenadines,1987,28.210
saint_vincent_and_the_grenadines,1992,25.640
saint_vincent_and_the_grenadines,1997,23.080
saint_vincent_and_the_grenadines,2002,20.510
saint_vincent_and_the_grenadines,2007,20.510
saint_vincent_and_the_grenadines,2012,20.510
saint_vincent_and_the_grenadines,2014,20.510
samoa,1962,19.720
samoa,1967,21.480
samoa,1972,22.180
samoa,1977,24.650
samoa,1982,26.760
samoa,1987,26.650
samoa,1992,17.610
samoa,1997,17.250
samoa,2002,15.490
samoa,2007,12.150
samoa,2012,10.560
samoa,2014,10.560
san_marino,1962,16.670
san_marino,1967,16.670
san_marino,1972,16.670
san_marino,1977,16.670
san_marino,1982,16.670
san_marino,1987,16.670
san_marino,1992,16.670
san_marino,1997,16.670
san_marino,2002,16.670
san_marino,2007,16.670
san_marino,2012,16.670
san_marino,2014,16.670
sao_tome_and_principe,1962,35.420
sao_tome_and_principe,1967,36.460
sao_tome_and_principe,1972,37.500
sao_tome_and_principe,1977,37.500
sao_tome_and_principe,1982,37.500
sao_tome_and_principe,1987,38.540
sao_tome_and_principe,1992,42.710
sao_tome_and_principe,1997,46.880
sao_tome_and_principe,2002,52.080
sao_tome_and_principe,2007,50.520
sao_tome_and_principe,2012,49.690
sao_tome_and_principe,2014,49.690
saudi_arabia,1962,0.55360
saudi_arabia,1967,0.60660
saudi_arabia,1972,0.70570
saudi_arabia,1977,0.83920
saudi_arabia,1982,0.96200
saudi_arabia,1987,1.3860
saudi_arabia,1992,1.7430
saudi_arabia,1997,1.7610
saudi_arabia,2002,1.7640
saudi_arabia,2007,1.7100
saudi_arabia,2012,1.5560
saudi_arabia,2014,1.6970
senegal,1962,14.980
senegal,1967,16.510
senegal,1972,16.500
senegal,1977,15.980
senegal,1982,15.960
senegal,1987,15.920
senegal,1992,15.660
senegal,1997,15.140
senegal,2002,15.760
senegal,2007,14.760
senegal,2012,17.110
senegal,2014,16.610
serbia,2007,31.770
serbia,2012,31.110
serbia,2014,31.620
seychelles,1962,10.870
seychelles,1967,10.870
seychelles,1972,10.870
seychelles,1977,10.870
seychelles,1982,13.040
seychelles,1987,13.040
seychelles,1992,8.6960
seychelles,1997,8.6960
seychelles,2002,8.6960
seychelles,2007,6.5220
seychelles,2012,3.0870
seychelles,2014,3.2170
sierra_leone,1962,5.7400
sierra_leone,1967,6.0860
sierra_leone,1972,6.5010
sierra_leone,1977,6.8460
sierra_leone,1982,7.4690
sierra_leone,1987,8.5750
sierra_leone,1992,8.4510
sierra_leone,1997,8.4230
sierra_leone,2002,14.250
sierra_leone,2007,19.700
sierra_leone,2012,22.640
sierra_leone,2014,24.190
singapore,1962,20.590
singapore,1967,19.120
singapore,1972,16.180
singapore,1977,11.760
singapore,1982,8.8240
singapore,1987,4.4120
singapore,1992,1.7650
singapore,1997,1.7650
singapore,2002,1.7520
singapore,2007,1.1350
singapore,2012,1.0200
singapore,2014,0.91790
slovakia,1997,32.610
slovakia,2002,29.330
slovakia,2007,28.590
slovakia,2012,28.790
slovakia,2014,28.810
slovenia,1992,11.640
slovenia,1997,10.110
slovenia,2002,9.7680
slovenia,2007,9.9160
slovenia,2012,11.630
slovenia,2014,11.710
solomon_islands,1962,1.7300
solomon_islands,1967,1.7300
solomon_islands,1972,1.7300
solomon_islands,1977,1.7650
solomon_islands,1982,1.9720
solomon_islands,1987,2.0760
solomon_islands,1992,2.2840
solomon_islands,1997,2.3180
solomon_islands,2002,2.4910
solomon_islands,2007,2.9760
solomon_islands,2012,3.4600
solomon_islands,2014,3.4600
somalia,1962,1.4270
somalia,1967,1.4660
somalia,1972,1.5060
somalia,1977,1.5450
somalia,1982,1.5840
somalia,1987,1.6230
somalia,1992,1.6360
somalia,1997,1.6720
somalia,2002,1.9230
somalia,2007,1.6120
somalia,2012,1.6070
somalia,2014,1.7640
south_africa,1962,10.040
south_africa,1967,10.240
south_africa,1972,10.430
south_africa,1977,10.540
south_africa,1982,10.380
south_africa,1987,10.540
south_africa,1992,11.050
south_africa,1997,11.520
south_africa,2002,11.570
south_africa,2007,10.630
south_africa,2012,10.590
south_africa,2014,10.590
south_sudan,2012,4.2840
spain,1962,41.170
spain,1967,40.480
spain,1972,41.830
spain,1977,40.720
spain,1982,40.490
spain,1987,40.300
spain,1992,39.420
spain,1997,37.670
spain,2002,35.400
spain,2007,34.420
spain,2012,34.670
spain,2014,33.970
sri_lanka,1962,23.200
sri_lanka,1967,28.580
sri_lanka,1972,29.050
sri_lanka,1977,30.390
sri_lanka,1982,28.300
sri_lanka,1987,28.880
sri_lanka,1992,29.040
sri_lanka,1997,28.780
sri_lanka,2002,29.200
sri_lanka,2007,29.720
sri_lanka,2012,34.290
sri_lanka,2014,35.060
sudan,2012,10.650
sudan,2014,10.640
suriname,1962,0.21980
suriname,1967,0.21980
suriname,1972,0.25030
suriname,1977,0.26860
suriname,1982,0.33570
suriname,1987,0.41510
suriname,1992,0.41510
suriname,1997,0.40900
suriname,2002,0.31740
suriname,2007,0.31740
suriname,2012,0.34790
suriname,2014,0.43340
swaziland,1962,7.8340
swaziland,1967,8.9290
swaziland,1972,9.8500
swaziland,1977,8.8130
swaziland,1982,8.1220
swaziland,1987,10.200
swaziland,1992,11.000
swaziland,1997,11.000
swaziland,2002,11.060
swaziland,2007,11.060
swaziland,2012,10.940
swaziland,2014,10.940
sweden,1962,7.7460
sweden,1967,6.8840
sweden,1972,6.7310
sweden,1977,6.6490
sweden,1982,6.5510
sweden,1987,6.4180
sweden,1992,6.1470
sweden,1997,6.2160
sweden,2002,5.9520
sweden,2007,5.8810
sweden,2012,5.8290
sweden,2014,5.8040
switzerland,1962,9.9350
switzerland,1967,9.1860
switzerland,1972,9.2030
switzerland,1977,9.4360
switzerland,1982,9.9520
switzerland,1987,10.210
switzerland,1992,10.400
switzerland,1997,10.620
switzerland,2002,10.470
switzerland,2007,10.410
switzerland,2012,10.370
switzerland,2014,10.310
syrian_arab_republic,1962,34.780
syrian_arab_republic,1967,33.100
syrian_arab_republic,1972,32.410
syrian_arab_republic,1977,29.750
syrian_arab_republic,1982,31.330
syrian_arab_republic,1987,30.400
syrian_arab_republic,1992,29.990
syrian_arab_republic,1997,29.810
syrian_arab_republic,2002,29.270
syrian_arab_republic,2007,30.690
syrian_arab_republic,2012,30.950
syrian_arab_republic,2014,30.960
tajikistan,1992,6.9100
tajikistan,1997,6.4330
tajikistan,2002,6.1800
tajikistan,2007,6.1240
tajikistan,2012,6.1310
tajikistan,2014,6.1540
thailand,1962,22.800
thailand,1967,25.490
thailand,1972,28.750
thailand,1977,33.880
thailand,1982,37.220
thailand,1987,39.930
thailand,1992,40.100
thailand,1997,38.280
thailand,2002,36.810
thailand,2007,37.030
thailand,2012,41.040
thailand,2014,41.530
the_former_yugoslav_republic_of_macedonia,1992,25.750
the_former_yugoslav_republic_of_macedonia,1997,25.170
the_former_yugoslav_republic_of_macedonia,2002,21.120
the_former_yugoslav_republic_of_macedonia,2007,18.160
the_former_yugoslav_republic_of_macedonia,2012,17.500
the_former_yugoslav_republic_of_macedonia,2014,17.580
timor_leste,1962,5.3800
timor_leste,1967,5.5140
timor_leste,1972,6.3890
timor_leste,1977,7.5320
timor_leste,1982,9.0110
timor_leste,1987,10.020
timor_leste,1992,12.100
timor_leste,1997,12.980
timor_leste,2002,14.260
timor_leste,2007,15.130
timor_leste,2012,15.740
timor_leste,2014,15.470
togo,1962,32.930
togo,1967,33.020
togo,1972,33.100
togo,1977,33.100
togo,1982,35.830
togo,1987,37.150
togo,1992,38.650
togo,1997,43.140
togo,2002,44.110
togo,2007,43.930
togo,2012,50.180
togo,2014,49.660
tokelau,1962,40.000
tokelau,1967,40.000
tokelau,1972,40.000
tokelau,1977,40.000
tokelau,1982,40.000
tokelau,1987,50.000
tokelau,1992,60.000
tokelau,1997,60.000
tokelau,2002,60.000
tokelau,2007,60.000
tokelau,2012,60.000
tokelau,2014,60.000
tonga,1962,36.000
tonga,1967,38.670
tonga,1972,40.000
tonga,1977,38.670
tonga,1982,40.000
tonga,1987,38.670
tonga,1992,37.330
tonga,1997,36.000
tonga,2002,34.670
tonga,2007,36.000
tonga,2012,38.670
tonga,2014,38.670
trinidad_and_tobago,1962,17.930
trinidad_and_tobago,1967,17.930
trinidad_and_tobago,1972,18.520
trinidad_and_tobago,1977,19.490
trinidad_and_tobago,1982,15.980
trinidad_and_tobago,1987,12.670
trinidad_and_tobago,1992,14.620
trinidad_and_tobago,1997,12.670
trinidad_and_tobago,2002,10.330
trinidad_and_tobago,2007,9.1620
trinidad_and_tobago,2012,9.1620
trinidad_and_tobago,2014,9.1620
tunisia,1962,25.980
tunisia,1967,26.490
tunisia,1972,29.220
tunisia,1977,31.210
tunisia,1982,29.700
tunisia,1987,29.700
tunisia,1992,29.830
tunisia,1997,30.050
tunisia,2002,30.000
tunisia,2007,30.160
tunisia,2012,31.310
tunisia,2014,31.980
turkey,1962,32.280
turkey,1967,33.420
turkey,1972,35.940
turkey,1977,35.560
turkey,1982,34.500
turkey,1987,35.560
turkey,1992,35.050
turkey,1997,34.210
turkey,2002,33.840
turkey,2007,31.690
turkey,2012,30.290
turkey,2014,30.490
turkmenistan,1992,3.1760
turkmenistan,1997,3.6880
turkmenistan,2002,4.3020
turkmenistan,2007,4.3020
turkmenistan,2012,4.0980
turkmenistan,2014,4.0980
tuvalu,1962,66.670
tuvalu,1967,66.670
tuvalu,1972,66.670
tuvalu,1977,66.670
tuvalu,1982,66.670
tuvalu,1987,66.670
tuvalu,1992,66.670
tuvalu,1997,66.670
tuvalu,2002,56.670
tuvalu,2007,60.000
tuvalu,2012,60.000
tuvalu,2014,60.000
uganda,1962,17.030
uganda,1967,20.240
uganda,1972,21.110
uganda,1977,22.930
uganda,1982,24.180
uganda,1987,27.760
uganda,1992,28.730
uganda,1997,29.230
uganda,2002,31.880
uganda,2007,34.980
uganda,2012,37.880
uganda,2014,37.670
ukraine,1992,57.090
ukraine,1997,56.470
ukraine,2002,55.430
ukraine,2007,55.230
ukraine,2012,55.360
ukraine,2014,55.380
united_arab_emirates,1962,0.095700
united_arab_emirates,1967,0.11960
united_arab_emirates,1972,0.14350
united_arab_emirates,1977,0.20330
united_arab_emirates,1982,0.32300
united_arab_emirates,1987,0.45450
united_arab_emirates,1992,0.82540
united_arab_emirates,1997,1.1360
united_arab_emirates,2002,3.1820
united_arab_emirates,2007,2.7820
united_arab_emirates,2012,0.91750
united_arab_emirates,2014,0.92460
united_kingdom,1962,30.180
united_kingdom,1967,30.440
united_kingdom,1972,29.640
united_kingdom,1977,28.730
united_kingdom,1982,28.680
united_kingdom,1987,28.750
united_kingdom,1992,27.170
united_kingdom,1997,26.370
united_kingdom,2002,23.960
united_kingdom,2007,25.170
united_kingdom,2012,25.690
united_kingdom,2014,25.770
united_republic_of_tanzania,1962,6.3340
united_republic_of_tanzania,1967,7.3890
united_republic_of_tanzania,1972,8.4450
united_republic_of_tanzania,1977,8.4450
united_republic_of_tanzania,1982,9.5010
united_republic_of_tanzania,1987,10.560
united_republic_of_tanzania,1992,10.350
united_republic_of_tanzania,1997,10.560
united_republic_of_tanzania,2002,10.770
united_republic_of_tanzania,2007,12.300
united_republic_of_tanzania,2012,16.570
united_republic_of_tanzania,2014,16.520
united_states_of_america,1962,18.590
united_states_of_america,1967,18.310
united_states_of_america,1972,19.660
united_states_of_america,1977,19.550
united_states_of_america,1982,19.710
united_states_of_america,1987,19.500
united_states_of_america,1992,19.340
united_states_of_america,1997,18.700
united_states_of_america,2002,18.240
united_states_of_america,2007,17.080
united_states_of_america,2012,16.040
united_states_of_america,2014,15.990
uruguay,1962,13.900
uruguay,1967,12.170
uruguay,1972,10.050
uruguay,1977,8.9090
uruguay,1982,8.0350
uruguay,1987,7.5760
uruguay,1992,7.4450
uruguay,1997,7.8080
uruguay,2002,8.0750
uruguay,2007,8.5630
uruguay,2012,12.440
uruguay,2014,13.900
uzbekistan,1992,10.850
uzbekistan,1997,10.820
uzbekistan,2002,10.790
uzbekistan,2007,10.480
uzbekistan,2012,10.620
uzbekistan,2014,10.660
vanuatu,1962,6.5630
vanuatu,1967,7.2190
vanuatu,1972,7.7930
vanuatu,1977,8.3680
vanuatu,1982,8.5320
vanuatu,1987,9.1060
vanuatu,1992,9.8440
vanuatu,1997,10.500
vanuatu,2002,11.160
vanuatu,2007,11.890
vanuatu,2012,11.890
vanuatu,2014,11.890
venezuela_bolivarian_republic_of,1962,3.8180
venezuela_bolivarian_republic_of,1967,3.8330
venezuela_bolivarian_republic_of,1972,3.7990
venezuela_bolivarian_republic_of,1977,3.9690
venezuela_bolivarian_republic_of,1982,3.9030
venezuela_bolivarian_republic_of,1987,4.2320
venezuela_bolivarian_republic_of,1992,3.6860
venezuela_bolivarian_republic_of,1997,3.7230
venezuela_bolivarian_republic_of,2002,3.6180
venezuela_bolivarian_republic_of,2007,3.6830
venezuela_bolivarian_republic_of,2012,3.7280
venezuela_bolivarian_republic_of,2014,3.7280
viet_nam,1962,18.160
viet_nam,1967,18.300
viet_nam,1972,18.620
viet_nam,1977,19.840
viet_nam,1982,19.840
viet_nam,1987,19.330
viet_nam,1992,20.230
viet_nam,1997,21.750
viet_nam,2002,26.760
viet_nam,2007,28.440
viet_nam,2012,30.670
viet_nam,2014,30.920
yemen,1962,2.5530
yemen,1967,2.6480
yemen,1972,2.7220
yemen,1977,2.7650
yemen,1982,2.7750
yemen,1987,2.8010
yemen,1992,2.8050
yemen,1997,3.2580
yemen,2002,3.1370
yemen,2007,3.0820
yemen,2012,2.9360
yemen,2014,2.9280
zambia,1962,3.4010
zambia,1967,3.5620
zambia,1972,4.0800
zambia,1977,3.8450
zambia,1982,2.9600
zambia,1987,3.4360
zambia,1992,3.7200
zambia,1997,3.7680
zambia,2002,3.4760
zambia,2007,3.9650
zambia,2012,5.0970
zambia,2014,5.0970
zimbabwe,1962,5.2080
zimbabwe,1967,5.8480
zimbabwe,1972,6.4360
zimbabwe,1977,6.5640
zimbabwe,1982,6.8710
zimbabwe,1987,7.3960
zimbabwe,1992,7.9080
zimbabwe,1997,9.2130
zimbabwe,2002,9.5970
zimbabwe,2007,10.490
zimbabwe,2012,10.490
zimbabwe,2014,10.490
